va_id,va_record_id,name,address,city,zip,island,county,neighborhood,status,review_date,request_date,last_checked
002372,642868,'AHAKEA AT HO'OPILI,91-3525 KAMALIE MUA STREET,Ewa Beach,96706,Oahu,Honolulu,Ewa Beach,Accepted Without Conditions,2026-08-20,2026-08-10,2026-10-01
001654,601361,'AKOKO AT HO'OPILI,IWI KUAMOO ST,Kapolei,96707,Oahu,Honolulu,Kapolei,Accepted With Conditions,2018-05-18,2018-03-27,2026-10-01
001824,619523,'ILIMA AT HO'OPILI,91-3524 IWIKUAMOO ST,Ewa Beach,96706,Oahu,Honolulu,Ewa Beach,Accepted With Conditions,2019-10-08,2019-09-18,2026-10-01
001399,565611,10 GRANDVIEW PLACE CONDOMINIUM,10 GRANDVIEW PL,Wahiawa,96786,Oahu,Honolulu,Wahiawa,Accepted Without Conditions,2016-08-03,2016-08-02,2026-10-01
001694,605710,1001 QUEEN (AE'O),1001 QUEEN,Honolulu,96814,Oahu,Honolulu,Kakaako/Ala Moana,Accepted Without Conditions,2019-01-24,2018-07-23,2026-10-01
001449,575858,1001 WILDER,1001 WILDER AVE,Honolulu,96822,Oahu,Honolulu,Makiki/Manoa,Accepted Without Conditions,2017-02-03,2017-01-20,2026-10-01
000460,321349,1011 PROSPECT,,Honolulu,96822,Oahu,Honolulu,Makiki/Manoa,Accepted Without Conditions,,,2026-10-01
001966,628525,1015 WILDER,1015 WILDER AVE,Honolulu,96822,Oahu,Honolulu,Makiki/Manoa,Accepted Without Conditions,2021-01-04,2020-12-31,2026-10-01
002012,629671,1023 & 1025 ALEWA,1023 & 1025 ALEWA DR,Honolulu,96817,Oahu,Honolulu,Kalihi/Liliha,Accepted Without Conditions,2021-05-04,2021-04-29,2026-10-01
000628,321494,1026 HOOLI,1026/1028 HOOLI STREET,Pearl City,96782,Oahu,Honolulu,Pearl City,Accepted Without Conditions,,,2026-10-01
001715,607771,1040 & 1040A KAINUI DRIVE,1040 A & B KAINUI DR,Kailua,96734,Oahu,Honolulu,Kailua,Accepted Without Conditions,2018-10-29,2018-10-11,2026-10-01
000981,411783,1040 KINAU,,Honolulu,96813,Oahu,Honolulu,Downtown/Chinatown,Accepted Without Conditions,2008-12-05,2008-12-05,2026-10-01
001841,623391,"1041, 1041-A & 1039 NINTH AVE",1041 NINTH AVE,Honolulu,96816,Oahu,Honolulu,Kaimuki/Kapahulu,Accepted Without Conditions,2019-12-18,2019-12-16,2026-10-01
001867,625680,1060 KINAU,1060 KINAU ST,Honolulu,96814,Oahu,Honolulu,Kakaako/Ala Moana,Accepted Without Conditions,2020-05-05,2020-03-06,2026-10-01
000398,321289,1111 WILDER,,Honolulu,96822,Oahu,Honolulu,Makiki/Manoa,Accepted Without Conditions,,,2026-10-01
001505,583405,1133 WAIMANU,1133 WAIMANU ST,Honolulu,96814,Oahu,Honolulu,Kakaako/Ala Moana,Accepted Without Conditions,2017-07-07,2017-05-24,2026-10-01
000629,321495,1134 KINAU,1134 KINAU STREET,Honolulu,96814,Oahu,Honolulu,Kakaako/Ala Moana,Accepted Without Conditions,,,2026-10-01
001866,625672,1142 MOKAPU BOULEVARD,1142 MOKAPU BLVD,Kailua,96734,Oahu,Honolulu,Kailua,Accepted Without Conditions,2020-04-29,2020-03-17,2026-10-01
002316,639835,1145 DAVENPORT,1145 DAVENPORT STREET,Honolulu,96822,Oahu,Honolulu,Makiki/Manoa,Accepted Without Conditions,2024-11-19,2024-11-14,2026-10-01
000450,321339,1148 KUOKOA ST.,PEARL CITY,Pearl City,96782,Oahu,Honolulu,Pearl City,Accepted Without Conditions,,,2026-10-01
002343,641579,115 MAKAWEO AVENUE,115 MAKAWEO AVENUE,Wahiawa,96786,Oahu,Honolulu,Wahiawa,Accepted Without Conditions,2025-06-27,2025-06-20,2026-10-01
001012,425843,116/118 KANEOHE BAY DRIV,,Kaneohe,96744,Oahu,Honolulu,Kaneohe,Accepted Without Conditions,2009-06-02,2009-06-02,2026-10-01
002162,634398,1162 LAIHAINA,84-1162 LAHAINA STREET,Waianae Q,96792,Oahu,Honolulu,Waianae/Makaha,Accepted Without Conditions,2022-12-22,2022-11-07,2026-10-01
001858,625194,1182 AND 1184 PALEKAIKO STREET,1182 & 1184 PALEKAIKO ST,Pearl City,96782,Oahu,Honolulu,Pearl City,Accepted Without Conditions,2020-02-24,2020-02-10,2026-10-01
001750,610194,1206 & 1208 MAMALU STREET,1206 & 1208 MAMALU ST,Honolulu,96817,Oahu,Honolulu,Kalihi/Liliha,Accepted Without Conditions,2019-02-06,2019-01-23,2026-10-01
001990,629046,1219-A & 1219-B NAKUINA,1219 NAKUINA STREET,Honolulu,96819,Oahu,Honolulu,Kalihi/Liliha,Accepted Without Conditions,2021-04-29,2021-03-04,2026-10-01
001997,629253,1242 MATLOCK AVENUE,1242 MATLOCK AVENUE,Honolulu,96814,Oahu,Honolulu,Kakaako/Ala Moana,Accepted Without Conditions,2021-04-09,2021-03-23,2026-10-01
001430,572137,1243 MANU MELE,1243 MANU MELE ST,Kailua,96734,Oahu,Honolulu,Kailua,Accepted Without Conditions,2017-07-24,2016-10-15,2026-10-01
000320,321218,1251 HEULU,1251 HEULU STREET,Honolulu,96822,Oahu,Honolulu,Makiki/Manoa,Accepted Without Conditions,,,2026-10-01
000080,321035,1260 RICHARD LANE,1250/1260 RICHARD LN,Honolulu,96819,Oahu,Honolulu,Kalihi/Liliha,Accepted Without Conditions,1979-01-02,1979-01-01,2026-10-01
001889,626211,1269 CALIFORNIA AVE,1269 CALIFORNIA AVE,Honolulu,96786,Oahu,Honolulu,Wahiawa,Accepted Without Conditions,2020-05-21,2020-05-20,2026-10-01
001079,453223,1274 & 1276 AUPAPAOHE ST.,,Kailua,96734,Oahu,Honolulu,Kailua,Accepted Without Conditions,,2010-07-01,2026-10-01
001920,627413,1276 AND 1278 KAHILI STREET,1276 & 1278 KAHILI ST,Kailua,96734,Oahu,Honolulu,Kailua,Accepted Without Conditions,2020-09-30,2020-08-30,2026-10-01
002371,642749,1281 CALIFORNIA,1281 CALIFORNA AVE #2,Wahiawa,96786,Oahu,Honolulu,Wahiawa,Accepted Without Conditions,2025-12-09,2025-11-10,2026-10-01
002224,636525,1281/1283 HOOLI CIR,1281 HOOLI CIRCLE,Pearl City,96782,Oahu,Honolulu,Pearl City,Accepted Without Conditions,2023-10-05,2023-08-31,2026-10-01
002259,638014,129 ROSE STREET,129 ROSE STREET,Wahiawa,96786,Oahu,Honolulu,Wahiawa,Accepted Without Conditions,2024-04-18,2024-04-11,2026-10-01
001887,626127,130 DOLE ROAD,"122,126,130,134 DOLE RD",Wahiawa,96786,Oahu,Honolulu,Wahiawa,Accepted Without Conditions,2020-09-02,2020-05-11,2026-10-01
002425,645101,1301 CALIFORNIA AVENUE,1301 CALIFORNIA AVENUE,Wahiawa,96786,Oahu,Honolulu,Wahiawa,Accepted Without Conditions,2026-09-23,2026-08-15,2026-10-01
002207,636099,1310 AND 1310A MAALAHI STREET,1310 MAALAHI STREET UNIT A,Honolulu,96819,Oahu,Honolulu,Kalihi/Liliha,Accepted Without Conditions,2023-07-20,2023-07-03,2026-10-01
001646,599697,1328 AUPUPU STREET,1328-A & 1328-B AUPUPU ST,Kailua,96734,Oahu,Honolulu,Kailua,Accepted Without Conditions,2018-03-12,2018-03-01,2026-10-01
002006,629561,133 LAKEVIEW CIRCLE,133 LAKEVIEW CIRCLE,Wahiawa,96786,Oahu,Honolulu,Wahiawa,Accepted Without Conditions,2021-04-27,2021-04-20,2026-10-01
001720,608491,1330 WILDER,1330 WILDER AVE,Honolulu,96822,Oahu,Honolulu,Makiki/Manoa,Accepted Without Conditions,2018-11-28,2018-11-06,2026-10-01
000993,416865,1344 KINAU STREET,,Honolulu,96814,Oahu,Honolulu,Kakaako/Ala Moana,Accepted Without Conditions,2009-02-26,2009-02-26,2026-10-01
001052,447683,1345 AKELE,,Kailua,96734,Oahu,Honolulu,Kailua,Accepted With Conditions,,2010-03-05,2026-10-01
000967,406763,1346 AKELE STREET,,Kailua,96734,Oahu,Honolulu,Kailua,Accepted Without Conditions,2008-09-19,2008-09-08,2026-10-01
000498,321383,1350 ALA MOANA,,Honolulu,96814,Oahu,Honolulu,Kakaako/Ala Moana,Accepted Without Conditions,,,2026-10-01
002387,643379,1355 & 1355A MANU MELE STREET,1355 MANU MELE STREET,Kailua,96734,Oahu,Honolulu,Kailua,Accepted Without Conditions,2026-02-18,2026-02-17,2026-10-01
001164,499704,1356 AUPAPAOHE STREET,1356 AUPAPAOHE & 1359 AKALANI,Kailua,96734,Oahu,Honolulu,Kailua,Accepted Without Conditions,2013-05-09,2013-04-26,2026-10-01
000564,321438,137 KAIOLENA DRIVE,,Kailua,96734,Oahu,Honolulu,Kailua,Accepted Without Conditions,,,2026-10-01
002121,632685,1379 AND 1379A MANU ALOHA ST,1379 AND 1379A MANU ALOHA ST,Kailua,96734,Oahu,Honolulu,Kailua,Accepted Without Conditions,2022-04-19,2022-04-13,2026-10-01
001246,523386,1381 & 1381A AKALANI LOOP,1381 & 1381A AKALANI LOOP,Kailua,96734,Oahu,Honolulu,Kailua,Accepted With Conditions,2014-09-11,2014-09-08,2026-10-01
001585,593054,1383 & 1383A MANUA STREET,1383 & 1383A MANUA ST,Wahiawa,96786,Oahu,Honolulu,Wahiawa,Accepted Without Conditions,2019-09-06,2017-10-26,2026-10-01
001105,479464,1390 & 1392 NANIALII,,Kailua,96734,Oahu,Honolulu,Kailua,Accepted Without Conditions,,2012-03-29,2026-10-01
001488,580801,1393 NANIALII STREET,1393 NANIALII ST,Kailua,96734,Oahu,Honolulu,Kailua,Accepted Without Conditions,2017-05-22,2017-04-11,2026-10-01
000942,485364,1394 AUPAPAHOE STREET,,Kailua,96734,Oahu,Honolulu,Kailua,Accepted With Conditions,,2012-08-07,2026-10-01
002409,644266,140/140-A KAELEPULU DRIVE CPR,140 KAELEPULU DRIVE,Kailua,96734,Oahu,Honolulu,Kailua,Accepted Without Conditions,2026-06-11,2026-05-17,2026-10-01
000979,410723,1402 PIIKOI STREET,1402 PIIKOI ST,Honolulu,96822,Oahu,Honolulu,Makiki/Manoa,Accepted Without Conditions,2008-11-24,2008-11-13,2026-10-01
002108,632340,1417 B ALEXANDER ST,1417 B ALEXANDER ST. #1417B,Honolulu,96822,Oahu,Honolulu,Makiki/Manoa,Accepted Without Conditions,2022-03-14,2022-03-02,2026-10-01
001551,589607,142-C & 142-D MALUNIU AVENUE,142-C & 142-D MALUNIU AVE,Kailua,96734,Oahu,Honolulu,Kailua,Accepted With Conditions,2017-09-17,2017-08-29,2026-10-01
001388,563834,1425 PUNAHOU,1425 PUNAHOU ST,Honolulu,96822,Oahu,Honolulu,Makiki/Manoa,Accepted Without Conditions,2016-07-20,2016-06-23,2026-10-01
001382,561951,1426 KEEAUMOKU,1426 KEEAUMOKU ST,Honolulu,96822,Oahu,Honolulu,Makiki/Manoa,Accepted Without Conditions,2016-06-10,2016-06-02,2026-10-01
002189,635481,1431 10TH AVENUE,1431 10TH AVENUE,Honolulu,96816,Oahu,Honolulu,Kaimuki/Kapahulu,Accepted Without Conditions,2023-04-25,2023-04-12,2026-10-01
000807,321641,1436 KEWALO,(AKA: KEWALO APTS),Honolulu,96822,Oahu,Honolulu,Makiki/Manoa,Accepted Without Conditions,,,2026-10-01
001317,547432,1440 & 1440 A AUWAIKU ST,1440 AUWAIKU ST,Kailua,96734,Oahu,Honolulu,Kailua,Accepted Without Conditions,2015-10-20,2015-10-19,2026-10-01
002292,639124,1448B & 1448C KAMEHAMEHA IV RO,1448 C KAMEHAMEHA IV ROAD,Honolulu,96819,Oahu,Honolulu,Kalihi/Liliha,Accepted Without Conditions,2024-08-27,2024-08-20,2026-10-01
001360,557431,1450 YOUNG STREET,1450 YOUNG ST,Honolulu,96814,Oahu,Honolulu,Kakaako/Ala Moana,Accepted Without Conditions,2016-04-12,2016-03-31,2026-10-01
000617,321483,1451/1461 KAM IV ROAD,,Honolulu,96819,Oahu,Honolulu,Kalihi/Liliha,Accepted Without Conditions,,,2026-10-01
000966,405023,147 & 147 A MALUNIU AVE,147 MALUNIU AVE,Kailua,96734,Oahu,Honolulu,Kailua,Accepted With Conditions,2008-08-28,2008-08-18,2026-10-01
002408,644198,1506  & 1508 FREAR,1506 FREAR ST,Honolulu,96813,Oahu,Honolulu,Downtown/Chinatown,Accepted Without Conditions,2026-06-29,2026-05-08,2026-10-01
001574,591967,151 AND 153 HAUOLI STREET,151 HAUOLI ST,Kailua,96734,Oahu,Honolulu,Kailua,Accepted Without Conditions,2017-10-25,2017-10-04,2026-10-01
000996,418904,1510 LIHOLIHO,1510 LIHOLIHO ST,Honolulu,96822,Oahu,Honolulu,Makiki/Manoa,Accepted Without Conditions,2017-02-16,2009-03-11,2026-10-01
002415,644614,1510 MILLER,1510 MILLER STREET,Honolulu,96813,Oahu,Honolulu,Downtown/Chinatown,Accepted Without Conditions,2026-07-13,2026-06-18,2026-10-01
001600,594011,1515 PELE STREET,1515 PELE ST,Honolulu,96813,Oahu,Honolulu,Downtown/Chinatown,Accepted Without Conditions,2018-01-24,2017-11-10,2026-10-01
000534,321412,1525 PENSACOLA,MAKIKI,Makiki,96822,Oahu,Honolulu,Makiki/Manoa,Accepted Without Conditions,,,2026-10-01
002383,643279,1526 & 1528 HOOLI CIRCLE,1526 & 1528 HOOLI CIRCLE,Pearl City,96782,Oahu,Honolulu,Pearl City,Accepted Without Conditions,2026-02-11,2026-01-28,2026-10-01
001878,625972,1539 KEALIA DRIVE,1539 KEALIA DR,Honolulu,96817,Oahu,Honolulu,Kalihi/Liliha,Accepted Without Conditions,2020-04-22,2020-04-17,2026-10-01
001781,613374,1539 PONOPONO PLACE,1539 PONOPONO PL,Kailua,96734,Oahu,Honolulu,Kailua,Accepted Without Conditions,2019-05-14,2019-05-05,2026-10-01
000388,321280,1541 DAVENPORT PLACE,,Honolulu,96822,Oahu,Honolulu,Makiki/Manoa,Accepted Without Conditions,,,2026-10-01
000648,321511,1553/1561 MURPHY,,Honolulu,96819,Oahu,Honolulu,Kalihi/Liliha,Accepted Without Conditions,,,2026-10-01
000146,321073,1555 POHAKU,1555 POHAKU ST,Honolulu,96817,Oahu,Honolulu,Kalihi/Liliha,Accepted Without Conditions,2017-10-24,2000-01-01,2026-10-01
001788,614837,1566 & 1568 KEALIA,1566 & 1568 KEALIA DR,Honolulu,96817,Oahu,Honolulu,Kalihi/Liliha,Accepted Without Conditions,2019-06-26,2019-06-11,2026-10-01
002103,632137,1616 LIHOLIHO,1616 LIHOLIHO STREET,Honolulu,96822,Oahu,Honolulu,Makiki/Manoa,Accepted Without Conditions,2022-02-09,2022-02-07,2026-10-01
001840,623030,1617 MILLER ST,1617 MILLER ST,Honolulu,96813,Oahu,Honolulu,Downtown/Chinatown,Accepted Without Conditions,2019-12-18,2019-12-10,2026-10-01
000578,472704,1629 KINO STREET,,Honolulu,96819,Oahu,Honolulu,Kalihi/Liliha,Accepted Without Conditions,2011-09-26,2011-09-07,2026-10-01
000268,321173,1634 NUUANU,1634 NUUANU AVE.,Honolulu,96817,Oahu,Honolulu,Kalihi/Liliha,Accepted Without Conditions,,,2026-10-01
000197,321117,1650 PIIKOI,1650 PIIKOI ST,Honolulu,96822,Oahu,Honolulu,Makiki/Manoa,Accepted Without Conditions,2000-01-01,2000-01-01,2026-10-01
002314,639795,17 OLD PALI PLACE,17 OLD PALI PLACE,Honolulu,96817,Oahu,Honolulu,Kalihi/Liliha,Accepted Without Conditions,2024-11-13,2024-10-08,2026-10-01
001272,535592,170 NANEA AVENUE,170 NANEA AVENUE,Wahiawa,96786,Oahu,Honolulu,Wahiawa,Accepted With Conditions,2015-04-23,2015-04-15,2026-10-01
001292,544594,1721 WILHEMINA RISE CONDO,1721 WILHEMINA RISE,Honolulu,96816,Oahu,Honolulu,Kaimuki/Kapahulu,Accepted Without Conditions,2015-09-02,2015-07-31,2026-10-01
001072,452143,1735 ALA AMOAMO CONDO,1735 ALA AMOAMO CONDO,Honolulu,96816,Oahu,Honolulu,Kaimuki/Kapahulu,Accepted Without Conditions,2010-06-14,2010-06-14,2026-10-01
001140,490286,1743 10TH AVENUE,,Honolulu,96816,Oahu,Honolulu,Kaimuki/Kapahulu,Accepted Without Conditions,,2012-10-31,2026-10-01
001844,623731,18 AND 20 KALIKO DRIVE,18 AND 20 KALIKO DR,Wahiawa,96786,Oahu,Honolulu,Wahiawa,Accepted With Conditions,2019-12-31,2019-12-17,2026-10-01
000889,338538,1800  LANILOA PLACE,,Wahiawa,96786,Oahu,Honolulu,Wahiawa,Accepted With Conditions,2003-10-02,2003-09-22,2026-10-01
001409,568434,1811 & 1817 PUOWAINA DRIVE,1811 & 1817 PUOWAINA DR,Honolulu,96813,Oahu,Honolulu,Downtown/Chinatown,Accepted Without Conditions,2016-10-12,2016-09-06,2026-10-01
000604,321471,1814 WAIOLA,,Honolulu,96825,Oahu,Honolulu,Hawaii Kai,Accepted With Conditions,,,2026-10-01
001496,581705,1823 LIME,1823 LIME ST,Honolulu,96826,Oahu,Honolulu,McCully/Moiliili,Accepted Without Conditions,2017-05-18,2017-04-21,2026-10-01
000477,321364,1823-B 10TH AVENUE,,Honolulu,96816,Oahu,Honolulu,Kaimuki/Kapahulu,Accepted Without Conditions,,,2026-10-01
001803,616920,1843 ALEWA DRIVE,1843 & 1843-A ALEWA DR,Honolulu,96814,Oahu,Honolulu,Kakaako/Ala Moana,Accepted Without Conditions,2019-07-25,2019-07-22,2026-10-01
002426,645130,190A PAUKAHI,44-119 C KAHINANI WAY,Kaneohe,96744,Oahu,Honolulu,Kaneohe,Accepted Without Conditions,2026-09-15,2026-08-18,2026-10-01
002366,642533,1915 LOHILANI ST,1915 LOHILANI ST,Honolulu,96819,Oahu,Honolulu,Kalihi/Liliha,Accepted Without Conditions,2025-10-20,2025-10-10,2026-10-01
001220,514989,1938 & 1938B CALIFORNIA AVENUE,1938 & 1938B CALIFORNIA AVE,Wahiawa,96786,Oahu,Honolulu,Wahiawa,Accepted With Conditions,2014-04-02,2014-03-20,2026-10-01
000943,385603,1942/1946 PAUOA ROAD,1942/1946 PAUOA RD,Honolulu,96813,Oahu,Honolulu,Downtown/Chinatown,Accepted Without Conditions,2007-12-10,2007-11-30,2026-10-01
001832,621548,1965 PAULA DRIVE,1965 PAULA DR,Honolulu,96816,Oahu,Honolulu,Kaimuki/Kapahulu,Accepted Without Conditions,2019-12-11,2019-11-14,2026-10-01
002288,638843,1974 JUDD HILLSIDE,1974 JUDD HILLSIDE ROAD,Honolulu,96822,Oahu,Honolulu,Makiki/Manoa,Accepted Without Conditions,2024-08-07,2024-07-18,2026-10-01
000219,321134,2024 WAIOLA,2024 WAIOLA STREET,Honolulu,96826,Oahu,Honolulu,McCully/Moiliili,Accepted Without Conditions,,,2026-10-01
000438,81081,2033 NUUANU,2033 NUUANU AVE,Honolulu,96817,Oahu,Honolulu,Kalihi/Liliha,Accepted Without Conditions,,,2026-10-01
001732,610860,2040 NUUANU,2040/2034 NUUANU AVE,Honolulu,96817,Oahu,Honolulu,Kalihi/Liliha,Accepted Without Conditions,2019-02-15,2019-02-10,2026-10-01
001007,424243,2043 & 2045 PUNA STREET,,Honolulu,96817,Oahu,Honolulu,Kalihi/Liliha,Accepted Without Conditions,2009-05-04,2009-05-01,2026-10-01
001609,594874,2049 PUU PLACE,2049 PUU PL,Wahiawa,96786,Oahu,Honolulu,Wahiawa,Accepted With Conditions,2017-12-15,2017-11-30,2026-10-01
001473,579124,2056 PUU PLACE,2056A-H J PUU PL,Wahiawa,96786,Oahu,Honolulu,Wahiawa,Accepted Without Conditions,2017-05-17,2017-03-16,2026-10-01
001964,628473,2102 PUU PLACE,2102 PUU PL,Wahiawa,96786,Oahu,Honolulu,Wahiawa,Accepted With Conditions,2021-01-20,2020-12-22,2026-10-01
000446,321335,2115 10TH AVENUE,2115 10TH AVE,Honolulu,96816,Oahu,Honolulu,Kaimuki/Kapahulu,Accepted Without Conditions,2000-01-01,2000-01-01,2026-10-01
000583,321453,2121 ALA WAI,,Honolulu,96815,Oahu,Honolulu,Waikiki,Accepted Without Conditions,,,2026-10-01
001459,577738,2137 CALIFORNIA AVENUE,2137 CALIFORNIA AVE,Wahiawa,96786,Oahu,Honolulu,Wahiawa,Accepted Without Conditions,2017-02-28,2017-02-22,2026-10-01
001161,496684,215 NORTH KING STREET,215 NORTH KING STREET,Honolulu,96817,Oahu,Honolulu,Kalihi/Liliha,Accepted With Conditions,2018-07-13,2013-02-25,2026-10-01
001930,627703,2158 AND 2160 AWIKIWIKI PLACE,2158 & 2160 AWIKIWIKI PL,Pearl City,96782,Oahu,Honolulu,Pearl City,Accepted Without Conditions,2020-10-01,2020-09-23,2026-10-01
001441,574618,2159 & 2159A AWIKIWIKI PLACE,2159 & 2159A AWIKIWIKI ST,Pearl City,96782,Oahu,Honolulu,Pearl City,Accepted With Conditions,2017-01-05,2016-12-21,2026-10-01
001113,480865,2206D CALIFORNIA AVE,2206 D CALIFORNIA AVE,Wahiawa,96786,Oahu,Honolulu,Wahiawa,Accepted With Conditions,,2012-05-01,2026-10-01
000723,321570,2211 ALA WAI,2211 ALA WAI,Honolulu,96815,Oahu,Honolulu,Waikiki,Accepted Without Conditions,,,2026-10-01
001736,609953,2212 KALIHI STREET,2212 KALIHI ST,Honolulu,96819,Oahu,Honolulu,Kalihi/Liliha,Accepted Without Conditions,2019-01-07,2018-12-19,2026-10-01
000975,408544,222 KAIULANI APARTMENTS,222 KAILULANI AVE,Honolulu,96815,Oahu,Honolulu,Waikiki,Accepted With Conditions,2008-10-31,2008-10-30,2026-10-01
001084,454785,2233 ALA WAI,2233 ALA WAI BLVD,Honolulu,96815,Oahu,Honolulu,Waikiki,Accepted Without Conditions,2010-08-10,2010-08-10,2026-10-01
001669,603479,"2241 A, B, & C WAIOMAO ROAD","2241 A, B, & C WAIOMAO RD",Honolulu,96816,Oahu,Honolulu,Kaimuki/Kapahulu,Accepted Without Conditions,2018-05-23,2018-05-01,2026-10-01
000884,337321,2251 WAIOMAO ROAD,"2251 WAIOMAO RD, 2184 HELO PL",Honolulu,96816,Oahu,Honolulu,Kaimuki/Kapahulu,Accepted Without Conditions,2003-04-01,2003-03-27,2026-10-01
000537,321415,2337 EAST MANOA,2337 EAST MANOA ROAD,Honolulu,96822,Oahu,Honolulu,Makiki/Manoa,Accepted Without Conditions,,,2026-10-01
001026,437584,2341 & 2341A AHAMOA ST,,Pearl City,96782,Oahu,Honolulu,Pearl City,Accepted Without Conditions,2009-09-21,2009-09-21,2026-10-01
001101,479023,237/237A KIHAPAI STREET,,Kailua,96734,Oahu,Honolulu,Kailua,Accepted Without Conditions,,2012-03-19,2026-10-01
002065,630972,2407A AND 2407B ST. LOUIS DR.,2407A AND 2407B ST. LOUIS DR.,Honolulu,96816,Oahu,Honolulu,Kaimuki/Kapahulu,Accepted Without Conditions,2021-09-27,2021-09-21,2026-10-01
001433,573115,241/241-A KIHAPAI STREET,241 KIHAPAI ST,Kailua,96734,Oahu,Honolulu,Kailua,Accepted Without Conditions,2016-12-09,2016-11-30,2026-10-01
002377,643133,245 HUALANI ST,245 HUALANI ST,Kailua,96734,Oahu,Honolulu,Kailua,Accepted Without Conditions,2026-01-23,2026-01-08,2026-10-01
002159,634157,246 NIHIWAI ESTATES,"246 NIHIWAI PLACE, A B",Wahiawa,96786,Oahu,Honolulu,Wahiawa,Accepted Without Conditions,2022-10-04,2022-09-29,2026-10-01
000918,371083,2465 KUHIO AT WAIKIKI,,Honolulu,96815,Oahu,Honolulu,Waikiki,Accepted Without Conditions,2007-01-04,2006-12-26,2026-10-01
000418,321308,250 OHUA,250 OHUA AVE,Honolulu,96815,Oahu,Honolulu,Waikiki,Accepted Without Conditions,2000-01-01,2000-01-01,2026-10-01
000527,321408,2509 LA-I,PALOLO,Honolulu,96816,Oahu,Honolulu,Kaimuki/Kapahulu,Accepted Without Conditions,,,2026-10-01
002286,638787,2515 NOTLEY STREET,2515 NOTLEY ST,Honolulu,96819,Oahu,Honolulu,Kalihi/Liliha,Accepted Without Conditions,2024-07-24,2024-07-12,2026-10-01
002059,630637,253 OLIVE AVENUE,253 OLIVE AVENUE #253A,Wahiawa,96786,Oahu,Honolulu,Wahiawa,Accepted Without Conditions,2021-08-17,2021-08-12,2026-10-01
001560,590047,256 AND 256 A MALUNIU AVENUE,256 & 256A MALUNIU AVE,Kailua,96734,Oahu,Honolulu,Kailua,Accepted Without Conditions,2017-10-19,2017-09-06,2026-10-01
000951,392204,259 KUAHIWI AVE,,Wahiawa,96786,Oahu,Honolulu,Wahiawa,Accepted Without Conditions,2008-03-31,2008-03-27,2026-10-01
002355,641938,2633 MAUNAWAI PLACE,2633 MAUNAWAI PLACE A,Honolulu,96826,Oahu,Honolulu,McCully/Moiliili,Accepted Without Conditions,2025-08-13,2025-07-31,2026-10-01
001904,626620,2651 WAIOMAO ROAD,2651 & 2651A WAIOMAO RD,Honolulu,96816,Oahu,Honolulu,Kaimuki/Kapahulu,Accepted Without Conditions,2020-07-23,2020-07-07,2026-10-01
001525,587528,2652 WAOLANI,2652 WAOLANI AVE,Honolulu,96817,Oahu,Honolulu,Kalihi/Liliha,Accepted Without Conditions,2017-08-22,2017-07-25,2026-10-01
001082,454783,267 AND 267A AIKOHALA STR,,Kailua,96734,Oahu,Honolulu,Kailua,Accepted Without Conditions,,2010-08-10,2026-10-01
000962,402185,269 A & 269 B ILIKAA PL,269A/B ILIKAA PL,Kailua,96734,Oahu,Honolulu,Kailua,Accepted Without Conditions,2008-07-25,2008-07-21,2026-10-01
000405,321296,27 LAKEVIEW CIRCLE,,Wahiawa,96786,Oahu,Honolulu,Wahiawa,Accepted Without Conditions,,,2026-10-01
001275,535595,2703 NAKOOKOO & 811 & 813,KAALOA ST.,Honolulu,96826,Oahu,Honolulu,McCully/Moiliili,Accepted Without Conditions,2015-04-23,2015-04-07,2026-10-01
002023,629799,2721/2721 A EAST MANOA ROAD,2721 E MANOA RD,Honolulu,96822,Oahu,Honolulu,Makiki/Manoa,Accepted Without Conditions,2021-05-24,2021-05-13,2026-10-01
000972,407583,2765 KAPIOLANI,,Honolulu,96826,Oahu,Honolulu,McCully/Moiliili,Accepted Without Conditions,2008-10-17,2008-09-24,2026-10-01
001780,613359,2789 BOOTH ROAD CONDOMINIUM,2789 AND 2789-A BOOTH RD,Honolulu,96813,Oahu,Honolulu,Downtown/Chinatown,Accepted Without Conditions,2020-03-02,2019-05-03,2026-10-01
001816,618221,2801 H LAI ROAD,2801 H LAI RD,Honolulu,96816,Oahu,Honolulu,Kaimuki/Kapahulu,Accepted With Conditions,2019-08-28,2019-08-16,2026-10-01
002128,632868,2804 NUMANA RD,2804 NUMANA RD,Honolulu,96819,Oahu,Honolulu,Kalihi/Liliha,Accepted Without Conditions,2022-05-11,2022-04-29,2026-10-01
000596,321464,2828 KALIHI,2820-2028 KALIHI ST,Honolulu,96819,Oahu,Honolulu,Kalihi/Liliha,Accepted Without Conditions,2000-01-01,2000-01-01,2026-10-01
001856,625092,2835 PUUHONUA STREET,CONDOMINIUM PROJ 2835 PUUHONUA,Honolulu,96813,Oahu,Honolulu,Downtown/Chinatown,Accepted Without Conditions,2020-02-11,2020-02-01,2026-10-01
000914,369203,285 ILIKAA PLACE,285 ILIKAA PL,Kaneohe,96744,Oahu,Honolulu,Kaneohe,Accepted Without Conditions,2006-11-24,2006-11-08,2026-10-01
000442,321331,285 KIHAPAI APTS,285 KIHAPAI STREET,Kailua,96734,Oahu,Honolulu,Kailua,Accepted Without Conditions,,,2026-10-01
000171,321095,2907 ALA ILIMA,2907 ALA ILIMA STREET,Honolulu,96818,Oahu,Honolulu,Salt Lake/Moanalua,Accepted Without Conditions,,,2026-10-01
001831,621465,2961 KALAWAO PLACE,2961C & D KALAWAO PL,Honolulu,96822,Oahu,Honolulu,Makiki/Manoa,Accepted Without Conditions,2019-12-11,2019-11-13,2026-10-01
000425,321315,2987 KALAKAUA,2987 KALAKAUA AVE.,Honolulu,96815,Oahu,Honolulu,Waikiki,Accepted Without Conditions,,,2026-10-01
001986,628921,3 & 5 AUHILI PLACE,3 AUHILI PL,Wahiawa,96786,Oahu,Honolulu,Wahiawa,Accepted Without Conditions,2021-03-03,2021-02-19,2026-10-01
000414,321304,3056 KALAKAUA CONDO,3056 KALAKAUA AVE.,Honolulu,96815,Oahu,Honolulu,Waikiki,Accepted Without Conditions,,,2026-10-01
001073,452144,306 LEHUA ST.,306 LEHUA ST.,Wahiawa,96786,Oahu,Honolulu,Wahiawa,Accepted Without Conditions,,2010-06-14,2026-10-01
001621,596512,314 & 314A ILIWAI DRIVE,314 & 314A ILIWAI DR,Wahiawa,96786,Oahu,Honolulu,Wahiawa,Accepted With Conditions,2018-01-24,2018-01-04,2026-10-01
002304,639546,3158 & 3158-A OLU STREET,3158 OLU ST.,Honolulu,96816,Oahu,Honolulu,Kaimuki/Kapahulu,Accepted Without Conditions,2024-10-17,2024-10-10,2026-10-01
001104,479064,317-C OLOMANA,,Kailua,96734,Oahu,Honolulu,Kailua,Accepted Without Conditions,,2012-03-19,2026-10-01
000358,321253,32 PILIPU PLACE,"KAILUA,OAHU",Kailua,96734,Oahu,Honolulu,Kailua,Accepted Without Conditions,,,2026-10-01
000956,398443,324B/342B-1 OL0MANA ST,,Kailua,96734,Oahu,Honolulu,Kailua,Accepted Without Conditions,2008-06-05,2008-06-02,2026-10-01
000577,321450,326 ILIWAHI LOOP,KALAHEO VILLAGE - UNIT 12,Kaneohe,96744,Oahu,Honolulu,Kaneohe,Accepted Without Conditions,,,2026-10-01
002337,641130,3346 EAST MANOA ROAD,3346 EAST MANOA ROAD,Honolulu,96822,Oahu,Honolulu,Makiki/Manoa,Accepted Without Conditions,2025-05-05,2025-04-29,2026-10-01
000592,472823,338-A & 338-A-1 MANONO STREET,338-A & 338-A-1 MANONO ST,Kailua,96734,Oahu,Honolulu,Kailua,Accepted With Conditions,2017-08-11,2011-09-28,2026-10-01
000382,321275,3388 SALT LAKE BLVD,,Honolulu,96818,Oahu,Honolulu,Salt Lake/Moanalua,Accepted Without Conditions,,,2026-10-01
000958,399623,3476 KALIHI STREE,3476 KALIHI STREET,Honolulu,96819,Oahu,Honolulu,Kalihi/Liliha,Accepted Without Conditions,2008-07-08,2008-07-02,2026-10-01
002099,632055,3476 KALIHI STREET CONDOMINIUM,3476 A & B KALIHI STREET,Honolulu,96819,Oahu,Honolulu,Kalihi/Liliha,Accepted Without Conditions,2022-01-31,2022-01-27,2026-10-01
000883,337131,3611 MAUNALEI AVE.,,Honolulu,96816,Oahu,Honolulu,Kaimuki/Kapahulu,Accepted Without Conditions,2003-01-24,2003-01-02,2026-10-01
002236,637115,363 KAHA STREET,363 A KAHA STREET,Kailua,96734,Oahu,Honolulu,Kailua,Accepted Without Conditions,2024-01-02,2023-12-01,2026-10-01
001790,615334,364-A & 364-A-1 OLOMANA STREET,364-A & 364-A-1 OLOMANA ST,Kailua,96734,Oahu,Honolulu,Kailua,Accepted Without Conditions,2019-07-03,2019-06-24,2026-10-01
002019,629745,367 AUWINALA RD.,367 AUWINALA RD.,Kailua,96734,Oahu,Honolulu,Kailua,Accepted Without Conditions,2021-05-11,2021-05-07,2026-10-01
001682,605222,3682 HILO PLACE,3682 & 3682A HILO PL,Honolulu,96816,Oahu,Honolulu,Kaimuki/Kapahulu,Accepted With Conditions,2018-07-24,2018-06-20,2026-10-01
000559,470504,3714 & 3716 CRATER ROAD,,Honolulu,96816,Oahu,Honolulu,Kaimuki/Kapahulu,Accepted With Conditions,,2011-07-29,2026-10-01
001199,509371,3728 & 3728A CLAUDINE STREET,3728 CLAUDINE ST,Honolulu,96816,Oahu,Honolulu,Kaimuki/Kapahulu,Accepted Without Conditions,2013-11-27,2013-11-15,2026-10-01
000142,462244,3765 MANINI WAY/1818 IWI WAY,,Honolulu,96816,Oahu,Honolulu,Kaimuki/Kapahulu,Accepted Without Conditions,,2011-02-01,2026-10-01
001365,559072,400 KEAWE,KEAWE ST,Honolulu,96813,Oahu,Honolulu,Downtown/Chinatown,Accepted Without Conditions,2016-07-27,2016-04-16,2026-10-01
000876,336240,404 & 404 A  KALAMA ST,,Kailua,96734,Oahu,Honolulu,Kailua,Accepted With Conditions,2002-03-05,2002-02-25,2026-10-01
001962,628296,410-A MANONO STREET,410-A MANONO ST,Kailua,96734,Oahu,Honolulu,Kailua,Accepted Without Conditions,2020-12-10,2020-12-07,2026-10-01
001953,628083,4111 & 4111A KAIMUKI AVE,CONDOMINIUM 4111 & 4111A KAIMU,Honolulu,96816,Oahu,Honolulu,Kaimuki/Kapahulu,Accepted Without Conditions,2020-11-25,2020-11-06,2026-10-01
001909,626821,413 KIHAPAI STREET,413 KIHAPAI ST,Kailua,96734,Oahu,Honolulu,Kailua,Accepted Without Conditions,2020-08-04,2020-07-22,2026-10-01
002428,645180,4133/4137/4149/4155 SIERRA DRI,4133/37/49/55 SIERRA DR,Honolulu,96816,Oahu,Honolulu,Kaimuki/Kapahulu,Accepted Without Conditions,2026-09-02,2026-08-24,2026-10-01
001150,493446,4169 & 4171 KOKO DRIVE,4169 & 4171 KOKO DRIVE,Honolulu,96816,Oahu,Honolulu,Kaimuki/Kapahulu,Accepted Without Conditions,2012-12-19,2012-12-19,2026-10-01
000881,336765,417 NAMAHANA,,Honolulu,96815,Oahu,Honolulu,Waikiki,Accepted Without Conditions,2002-08-28,2002-08-19,2026-10-01
002104,632141,422 AND 422-A HUALANI STREET,422 & 422-A HUALANI STREET,Kailua,96734,Oahu,Honolulu,Kailua,Accepted Without Conditions,2022-03-23,2022-02-08,2026-10-01
001851,623951,4250 AND 4250A SIERRA DRIVE,CONDOMINIUM 4250 & 4250A SIERR,Honolulu,96816,Oahu,Honolulu,Kaimuki/Kapahulu,Accepted With Conditions,2020-01-10,2020-01-02,2026-10-01
001278,537333,426-D/426D-1 ULUPAINA STREET,426D/426D-1 ULUPAINA STREET,Kailua,96734,Oahu,Honolulu,Kailua,Accepted Without Conditions,2015-05-18,2015-05-18,2026-10-01
000964,402763,434A & 434B MALUNIU AVE,MALUNIUE AVE,Kailua,96734,Oahu,Honolulu,Kailua,Accepted Without Conditions,2008-08-13,2008-08-08,2026-10-01
002348,641703,44-279 KANEOHE BAY DRIVE,44-279 KANEOHE BAY DRIVE,Kaneohe,96744,Oahu,Honolulu,Kaneohe,Accepted Without Conditions,2025-07-14,2025-07-03,2026-10-01
001836,622128,44-283-A KANEOHE BAY DRIVE,44-283-A & 44-283-B KANEOHE B,Kaneohe,96744,Oahu,Honolulu,Kaneohe,Accepted Without Conditions,2019-12-11,2019-11-22,2026-10-01
000517,469924,44-305 KANEOHE BAY DRIVE,,Kaneohe,96744,Oahu,Honolulu,Kaneohe,Accepted Without Conditions,,2011-07-19,2026-10-01
001914,627145,44-307 KANEOHE BAY DR,44-307 KANEOHE BAY DR,Kaneohe,96744,Oahu,Honolulu,Kaneohe,Accepted Without Conditions,2020-08-20,2020-08-10,2026-10-01
002186,635384,44-535 & 44-535A KANEOHE BAY,44-535 KANEOHE BAY DRIVE,Kaneohe,96744,Oahu,Honolulu,Kaneohe,Accepted Without Conditions,2023-04-24,2023-03-28,2026-10-01
001205,510165,441 LEWERS,441 LEWERS ST.,Honolulu,96815,Oahu,Honolulu,Waikiki,Accepted Without Conditions,2013-12-16,2013-12-05,2026-10-01
001871,625792,443 AND 443A KAWAINUI STREET,443 & 443A KAWAINUI ST,Kailua,96734,Oahu,Honolulu,Kailua,Accepted Without Conditions,2020-04-06,2020-03-29,2026-10-01
002271,638388,445 LAHAINA STREET,84-833 LAHAINA ST,Waianae,96792,Oahu,Honolulu,Waianae/Makaha,Accepted Without Conditions,2024-05-29,2024-05-24,2026-10-01
000796,321632,446 LAHAINA ST,84-446 LAHAINA ST.,Waianae,96792,Oahu,Honolulu,Waianae/Makaha,Accepted Without Conditions,,,2026-10-01
001046,446103,45-075A LILIPUNA ROAD,45-075A LILIPUNA ROAD,Kaneohe,96744,Oahu,Honolulu,Kaneohe,Accepted Without Conditions,,2010-02-01,2026-10-01
001277,537332,45-105 & 45-107 WAIKALUA ROAD,45-105 & 45-107 WAIKALUA ROAD,Kaneohe,96744,Oahu,Honolulu,Kaneohe,Accepted Without Conditions,2015-05-18,2015-05-18,2026-10-01
002279,638545,45-1050 ANOI,45-1050 ANOI ROAD,Kaneohe,96744,Oahu,Honolulu,Kaneohe,Accepted Without Conditions,2024-06-24,2024-06-13,2026-10-01
000140,462243,45-124 WILLIAM HENRY ROAD,,Kaneohe,96744,Oahu,Honolulu,Kaneohe,Accepted Without Conditions,,2011-01-20,2026-10-01
002303,639519,"45-127 B, C, &D WAIKAPOKI ROAD","45-127 B, C, &D WAIKAPOKI ROAD",Kaneohe,96744,Oahu,Honolulu,Kaneohe,Accepted Without Conditions,2024-10-31,2024-10-08,2026-10-01
000397,321288,45-128 WAIKALUA RD.,,Kaneohe,96744,Oahu,Honolulu,Kaneohe,Accepted Without Conditions,,,2026-10-01
000969,407424,45-138H WAIKALUA ROAD,45-138H WAIKALUA RD,Kaneohe,96744,Oahu,Honolulu,Kaneohe,Accepted Without Conditions,2008-10-16,2008-08-19,2026-10-01
000549,321426,45-143 WILLIAM HENRY ROAD,,Kaneohe,96744,Oahu,Honolulu,Kaneohe,Accepted Without Conditions,,,2026-10-01
002044,630216,"45-245, 45-245 A,B,C,D,E",45-245 WILLIAM HENRY ROAD,Kaneohe,96744,Oahu,Honolulu,Kaneohe,Accepted Without Conditions,2021-07-06,2021-06-28,2026-10-01
001508,583207,45-481 & 45-481A APIKI STREET,45-481 APIKI ST,Kaneohe,96744,Oahu,Honolulu,Kaneohe,Accepted With Conditions,2017-06-05,2017-05-19,2026-10-01
002222,636516,45-535 LOIHI PLACE PROJECT,45-535 LOIHI PLACE,Kaneohe,96744,Oahu,Honolulu,Kaneohe,Accepted Without Conditions,2023-09-13,2023-08-30,2026-10-01
001341,554251,45-550 PAHIA,45-550 PAHIA RD,Kaneohe,96744,Oahu,Honolulu,Kaneohe,Accepted Without Conditions,2016-02-29,2016-02-17,2026-10-01
002076,631131,45-595 PALEKA ROAD,45-595 PALEKA ROAD,Kaneohe,96744,Oahu,Honolulu,Kaneohe,Accepted Without Conditions,2021-10-19,2021-10-08,2026-10-01
001917,627224,45-627 AND 45-629 KUAHULU WAY,45-627 AND 45-629 KUAHULU WAY,Kaneohe,96744,Oahu,Honolulu,Kaneohe,Accepted Without Conditions,2020-09-04,2020-08-14,2026-10-01
000901,359540,45-656 HALEKOU PLACE,,Kaneohe,96744,Oahu,Honolulu,Kaneohe,Accepted Without Conditions,2006-04-13,2006-04-13,2026-10-01
002198,635683,45-691 KENEKE ST,45-691 KENEKE ST,Kaneohe,96744,Oahu,Honolulu,Kaneohe,Accepted Without Conditions,2023-05-24,2023-05-08,2026-10-01
002241,637268,45-694 & 45-694A HALEKOU ROAD,45-694 HALEKOU RD,Kaneohe,96744,Oahu,Honolulu,Kaneohe,Accepted Without Conditions,2024-01-11,2024-01-02,2026-10-01
002282,638678,45-701 KENEKE STREET,45-701 KENEKE STREET,Kaneohe,96744,Oahu,Honolulu,Kaneohe,Accepted Without Conditions,2024-07-10,2024-06-28,2026-10-01
001660,602336,45-706 KAMEHAMEHA HIGHWAY COND,45-706A & 706B KAMEHAMEHA HWY,Kaneohe,96744,Oahu,Honolulu,Kaneohe,Accepted Without Conditions,2018-05-02,2018-04-13,2026-10-01
001008,424283,45-725 LANIPOLA PLACE,,Kaneohe,96744,Oahu,Honolulu,Kaneohe,Accepted With Conditions,2009-04-30,2009-04-27,2026-10-01
001741,609997,45-873 LUANA PLACE PROJECT,45-873 & 45-873A LUANA PL,Kaneohe,96744,Oahu,Honolulu,Kaneohe,Accepted With Conditions,2019-01-09,2019-01-02,2026-10-01
002130,632985,45-910 & 45-910A ANOI ROAD,45-910 ANOI ROAD,Kaneohe,96744,Oahu,Honolulu,Kaneohe,Accepted Without Conditions,2022-05-20,2022-05-13,2026-10-01
002109,632362,450A & 450B HINANO WAY,450A & 450B HINANO WAY,Kailua,96734,Oahu,Honolulu,Kailua,Accepted Without Conditions,2022-03-08,2022-03-07,2026-10-01
002150,633499,455 &455-A HUALANI STREET,455 HUALANI STREET,Kailua,96734,Oahu,Honolulu,Kailua,Accepted Without Conditions,2022-07-18,2022-07-14,2026-10-01
000719,582323,465 KAPAHULU,465 KAPAHULU AVE,Honolulu,96815,Oahu,Honolulu,Waikiki,Accepted Without Conditions,2017-06-05,2017-05-04,2026-10-01
001268,534951,47-228 HUI AEKO WAY,47-228 HUI AEKO WAY,Kaneohe,96744,Oahu,Honolulu,Kaneohe,Accepted With Conditions,2015-04-13,2015-03-17,2026-10-01
002031,629955,47-410 AHUIMANU PLACE,47-470 AHUIMANU PLACE,Kaneohe,96744,Oahu,Honolulu,Kaneohe,Accepted Without Conditions,2021-06-08,2021-06-01,2026-10-01
001881,626024,47-434 WAIHEE PLACE,47-434A WAIHEE PL,Kaneohe,96744,Oahu,Honolulu,Kaneohe,Accepted Without Conditions,2021-08-24,2021-08-02,2026-10-01
001309,546631,47-457/47-459 AHUIMANU ROAD,47-457 AHUIMANU ROAD,Kaneohe,96744,Oahu,Honolulu,Kaneohe,Accepted Without Conditions,2015-10-05,2015-09-16,2026-10-01
001345,555391,47-467 AHUIMANU ROAD,47-467 & 47-467A AHUIMANU RD,Kaneohe,96744,Oahu,Honolulu,Kaneohe,Accepted Without Conditions,2016-03-23,2016-03-07,2026-10-01
001003,420024,47-500 &47-500A WAIPAIPAI,,Kaneohe,96744,Oahu,Honolulu,Kaneohe,Accepted Without Conditions,2009-03-30,2009-03-30,2026-10-01
001036,441564,47-544 MEHEULA ROAD,47-544 MEHEULA ROAD,Kaneohe,96744,Oahu,Honolulu,Kaneohe,Accepted Without Conditions,,2009-11-13,2026-10-01
000444,321333,47-544 MELEKULA ROAD,47-544 MELEKULA RD,Kaneohe,96744,Oahu,Honolulu,Kaneohe,Accepted Without Conditions,2019-03-06,2000-01-01,2026-10-01
001035,441563,47-565 AHUIMANU ROAD,45-565 AHUIMANU ROAD,Kaneohe,96744,Oahu,Honolulu,Kaneohe,Accepted Without Conditions,,2009-11-13,2026-10-01
001300,546192,47-648 & 47-648A MELEKULA ROAD,47-648 MELEKULA ROAD,Kaneohe,96744,Oahu,Honolulu,Kaneohe,Accepted Without Conditions,2015-09-30,2015-09-16,2026-10-01
000333,321230,47-664 MELEKULA ROAD,,Kaneohe,96744,Oahu,Honolulu,Kaneohe,Accepted Without Conditions,,,2026-10-01
001916,627186,47-736 AHUIMANU LOOP,47-736 AHUIMANU LOOP,Kaneohe,96744,Oahu,Honolulu,Kaneohe,Accepted Without Conditions,2020-09-02,2020-08-12,2026-10-01
001314,547272,47-736AND45-738 ANOI RD CONDO,47-736 ANOI ROAD,Kaneohe,96744,Oahu,Honolulu,Kaneohe,Accepted Without Conditions,2015-10-19,2015-10-15,2026-10-01
000590,321460,496 KAHA STREET,496 KAHA ST,Kailua,96734,Oahu,Honolulu,Kailua,Accepted Without Conditions,2013-08-09,2013-08-09,2026-10-01
001183,506264,496 KAHA STREET PHASE 2,866A/B ONEAWA STREET,Kailua,96734,Oahu,Honolulu,Kailua,Accepted Without Conditions,2013-09-20,2013-09-20,2026-10-01
001789,614974,496 KAHA STREET PHASE 4,480 KAHA ST,Kailua,96734,Oahu,Honolulu,Kailua,Accepted Without Conditions,2019-07-11,2019-06-15,2026-10-01
001366,559111,51-264 KAMEHAMEHA HIGHWAY,51-264 KAMEHAMEHA HWY,Kaaawa,96730,Oahu,Honolulu,Kaaawa,Accepted Without Conditions,2016-05-02,2016-04-16,2026-10-01
001796,615821,51-283 KEKIO RD,51-283 KEKIO RD,Kaaawa,96730,Oahu,Honolulu,Kaaawa,Accepted With Conditions,2019-07-25,2019-06-20,2026-10-01
001143,491344,51-412 & 51-412A KEKIO ROAD,,Kaaawa,96730,Oahu,Honolulu,Kaaawa,Accepted With Conditions,,2012-11-15,2026-10-01
002331,640545,51-418 KEKIO RD,51-409 HAUHELE RD #B,Kaaawa,96730,Oahu,Honolulu,Kaaawa,Accepted Without Conditions,2025-03-04,2025-02-24,2026-10-01
001028,437586,51-422 LIHIMAUNA ROAD,,Kaaawa,96730,Oahu,Honolulu,Kaaawa,Accepted Without Conditions,2009-09-16,2009-09-16,2026-10-01
001112,480864,51-446 KEKIO ROAD,,Kaaawa,96730,Oahu,Honolulu,Kaaawa,Accepted Without Conditions,,2012-05-01,2026-10-01
001948,627961,514 NOWELA PLACE,514 NOWELA PL,Kailua,96734,Oahu,Honolulu,Kailua,Accepted Without Conditions,2020-12-10,2020-10-23,2026-10-01
002320,640080,53 & 53A CIRCLE DRIVE,53A CIRCLE DRIVE,Wahiawa,96786,Oahu,Honolulu,Wahiawa,Accepted Without Conditions,2024-12-31,2024-12-20,2026-10-01
001853,624091,53-012 POKIWAI PLACE,53-012 POKIWAI PLACE,Hauula,96717,Oahu,Honolulu,Hauula,Accepted Without Conditions,2020-01-10,2020-01-06,2026-10-01
001838,622551,53-014 & 53-014A POKIWAI PLACE,53-014 & 53-014A POKIWAI PL,Hauula,96717,Oahu,Honolulu,Hauula,Accepted Without Conditions,2019-12-17,2019-11-27,2026-10-01
001820,618889,53-18A MAKAO ROAD,53-018 MAKAO RD A,Hauula,96717,Oahu,Honolulu,Hauula,Accepted With Conditions,2019-09-30,2019-09-16,2026-10-01
001412,568695,53-866C KAMEHAMEHA HIGHWAY,53-866C KAM HWY,Hauula,96717,Oahu,Honolulu,Hauula,Accepted Without Conditions,2016-10-06,2016-09-16,2026-10-01
001987,628922,53-972 KAM HWY PROJECT,53-972 KAMEHAMEHA HIGHWAY,Hauula,96717,Oahu,Honolulu,Hauula,Accepted Without Conditions,2021-03-09,2021-02-19,2026-10-01
001201,509605,54 & 54A WALKER AVENUE,54 & 54A WALKER AVENUE,Waihawa,96786,Oahu,Honolulu,Wahiawa,Accepted Without Conditions,2013-12-04,2013-11-01,2026-10-01
001380,561712,54-014 & 54-014A KUKUNA ROAD,54-014 KUKUNA RD,Hauula,96717,Oahu,Honolulu,Hauula,Accepted Without Conditions,2016-06-08,2016-05-31,2026-10-01
002069,631019,54-014B & 54-014C KUKUNA ROAD,54-014 KUKUNA RD. UNIT C,Hauula,96717,Oahu,Honolulu,Hauula,Accepted Without Conditions,2021-09-28,2021-09-27,2026-10-01
001222,515286,54-067 WAIKULAMA STREET,54-067 WAIKULAMA STREET,Hauula,96717,Oahu,Honolulu,Hauula,Accepted With Conditions,2014-04-10,2014-03-27,2026-10-01
001133,486324,54-074 KAMEHAMEHA HWY,,Hauula,96717,Oahu,Honolulu,Hauula,Accepted With Conditions,,2012-08-28,2026-10-01
000875,336228,54-223/54-225 HAUULA,HOMESTEAD ROAD,Hauul,96717,Oahu,Honolulu,Hauula,Accepted Without Conditions,2002-02-20,2002-02-07,2026-10-01
000980,410724,54-249 ANOILEI PLACE,,Hauula,96717,Oahu,Honolulu,Hauula,Accepted Without Conditions,2008-11-24,2008-11-14,2026-10-01
001295,545053,54-269 KAMEHAMEHA HIGHWAY,"54-269,A-I KAMEHAMEHA HWY",Hauula,96717,Oahu,Honolulu,Hauula,Accepted Without Conditions,2015-09-10,2015-08-12,2026-10-01
000210,466263,541 LAUIKI,,Honolulu,96826,Oahu,Honolulu,McCully/Moiliili,Accepted With Conditions,,2011-04-15,2026-10-01
001413,569034,545 AND 545A KAWAINUI STREET,545 AND 545A KAWAINUI ST,Kailua,96734,Oahu,Honolulu,Kailua,Accepted Without Conditions,2016-09-29,2016-09-19,2026-10-01
002090,631730,550 HALEKOU,45-550 A&B HALEKOU ROAD,Kaneohe,96744,Oahu,Honolulu,Kaneohe,Accepted Without Conditions,2021-12-29,2021-12-15,2026-10-01
000850,321681,58-124 WEHIWA PLACE,,Haleiwa,96712,Oahu,Honolulu,Haleiwa/North Shore,Accepted Without Conditions,,,2026-10-01
000305,321204,58-146 MAMAO ST,,Haleiwa,96712,Oahu,Honolulu,Haleiwa/North Shore,Accepted Without Conditions,,,2026-10-01
001978,628714,58-252 & 58-252-A KAMEHAMEHA,58-252 & 58-252-A KAM HWY,Haleiwa,96712,Oahu,Honolulu,Haleiwa/North Shore,Accepted Without Conditions,2021-02-03,2021-01-27,2026-10-01
002363,642418,59-718/720 KANALANI,59-718 KANALANI PL,Haleiwa,96712,Oahu,Honolulu,Haleiwa/North Shore,Accepted Without Conditions,2025-10-21,2025-09-26,2026-10-01
001134,488464,59-740 KANALANI PLACE,59-740 KANALANI PLACE,Haleiwa,96712,Oahu,Honolulu,Haleiwa/North Shore,Accepted With Conditions,2012-09-26,2012-09-26,2026-10-01
001057,448103,59-744 KAMEHAMEHA HWY,,Haleiwa,96712,Oahu,Honolulu,Haleiwa/North Shore,Accepted Without Conditions,,2010-03-15,2026-10-01
001983,628791,600 & 604 PUNAA STREET,600 & 604 PUNAA ST,Kailua,96734,Oahu,Honolulu,Kailua,Accepted Without Conditions,2021-03-03,2021-02-01,2026-10-01
001479,579940,606 KAHA STREET,606 KAHA STREET,Kailua,96734,Oahu,Honolulu,Kailua,Accepted With Conditions,2017-05-09,2017-03-28,2026-10-01
001912,627080,62-150 EMERSON ROAD,62-150 A & B EMERSON RD,Haleiwa,96712,Oahu,Honolulu,Haleiwa/North Shore,Accepted Without Conditions,2020-09-04,2020-08-06,2026-10-01
001963,628308,620 KAULANI CONDOMINIUM,620 & 620A KAULANI WAY,Kailua,96734,Oahu,Honolulu,Kailua,Accepted Without Conditions,2021-01-07,2020-12-08,2026-10-01
000449,321338,623 12TH AVE.,,Honolulu,96816,Oahu,Honolulu,Kaimuki/Kapahulu,Accepted Without Conditions,,,2026-10-01
001103,479063,627 AND 631 HAUSTEN STREET,627 AND 631 HAUSTEN STREET,Honolulu,96826,Oahu,Honolulu,McCully/Moiliili,Accepted Without Conditions,,2012-03-19,2026-10-01
002403,644139,629 & 629 A HALELA STREET,629 A HALELA STREET,Kailua,96734,Oahu,Honolulu,Kailua,Accepted Without Conditions,2026-06-01,2026-05-03,2026-10-01
002013,629689,630 10TH AVENUE,630 10TH AVENUE,Honolulu,96816,Oahu,Honolulu,Kaimuki/Kapahulu,Accepted Without Conditions,2021-05-04,2021-05-03,2026-10-01
002329,640513,631 PUNAA STREET,631 A PUNAA ST,Kailua,96734,Oahu,Honolulu,Kailua,Accepted Without Conditions,2025-02-27,2025-02-20,2026-10-01
001773,611849,637 MANU O'O,637 MANU O'O ST,Kailua,96734,Oahu,Honolulu,Kailua,Accepted Without Conditions,2019-04-22,2019-03-28,2026-10-01
000613,321479,650 ILIAINA,,Kailua,96734,Oahu,Honolulu,Kailua,Accepted Without Conditions,,,2026-10-01
002083,631290,654 JUDD STREET,654 JUDD STREET,Honolulu,96817,Oahu,Honolulu,Kalihi/Liliha,Accepted Without Conditions,2021-11-01,2021-10-28,2026-10-01
002179,634930,654 KAIEMI STREET,654 KAIEMI STREET,Kailua,96734,Oahu,Honolulu,Kailua,Accepted Without Conditions,2023-02-07,2023-01-30,2026-10-01
001730,609674,66 KARSTEN DRIVE,"66, 66A, 66B KARSTEN DR",Wahiawa,96786,Oahu,Honolulu,Wahiawa,Accepted Without Conditions,2019-01-07,2018-12-07,2026-10-01
000825,321659,66-072 WAIALUA BEACH ROAD,,Waialua,96791,Oahu,Honolulu,Waialua,Accepted Without Conditions,,,2026-10-01
001395,564951,66-090 AND 66-090 A WAIALUA RD,66-090 WAIALUA BEACH RD,Waialua,96791,Oahu,Honolulu,Waialua,Accepted Without Conditions,2016-07-22,2016-07-12,2026-10-01
002119,632672,66-158 & 66-158 A HALEIWA ROAD,66-158 HALEIWA ROAD,Honolulu,96712,Oahu,Honolulu,Haleiwa/North Shore,Accepted Without Conditions,2022-04-13,2022-04-11,2026-10-01
001487,581180,66-219 & 66-225 WAIALUA BEACH,66-219 & 66-225 WAIALUA BEACH,Haleiwa,96712,Oahu,Honolulu,Haleiwa/North Shore,Accepted Without Conditions,2017-07-11,2017-04-19,2026-10-01
001480,579960,66-219&66-219A&66-219B,KAMEHAMEHA HWY,Haleiwa,96712,Oahu,Honolulu,Haleiwa/North Shore,Accepted Without Conditions,2017-04-04,2017-03-28,2026-10-01
000622,321488,66-4094 PAALAA ROAD,,Waialua,96791,Oahu,Honolulu,Waialua,Accepted Without Conditions,,,2026-10-01
001260,528912,66-419 PAALAA ROAD,66-419 PAALA RD,Haleiwa,96712,Oahu,Honolulu,Haleiwa/North Shore,Accepted Without Conditions,2019-03-15,2014-12-16,2026-10-01
002052,630454,66-429A & 66-429B PAALAA ROAD,66-429 PAALAA RD,Haleiwa,96712,Oahu,Honolulu,Haleiwa/North Shore,Accepted Without Conditions,2021-08-24,2021-07-23,2026-10-01
002276,638529,66-587/66-615 KAMEHAMEHA HWY,66-587 KAMEHAMEHA HWY,Haleiwa,96712,Oahu,Honolulu,Haleiwa/North Shore,Accepted Without Conditions,2024-06-18,2024-06-12,2026-10-01
000550,470126,66-909 LUPENUI PLACE,,Waialua,96791,Oahu,Honolulu,Waialua,Accepted Without Conditions,,2011-06-21,2026-10-01
001469,578605,661A KIHAPAI STREET,661A KIHAPAI ST,Kailua,96734,Oahu,Honolulu,Kailua,Accepted With Conditions,2018-02-07,2017-03-06,2026-10-01
001038,443683,67-226 & 67-228 KUPAHU ST,67-226 & 67-228 KUPAHU ST,Honolulu,96791,Oahu,Honolulu,Waialua,Accepted With Conditions,,2009-12-11,2026-10-01
001849,623871,67-236 GOODALE AVENUE & 67-091,NAUKANA AVENUE,Waialua,96791,Oahu,Honolulu,Waialua,Accepted With Conditions,2020-01-22,2019-12-27,2026-10-01
001610,595152,67-278 & 67-278A KUKEA CIRCLE,67-278 KUKEA CIR,Waialua,96712,Oahu,Honolulu,Haleiwa/North Shore,Accepted Without Conditions,2017-12-15,2017-12-05,2026-10-01
001511,583927,68-023A/68-023B/68-023C/68-023,"D AU ST, 68-023 AU ST",Waialua,96791,Oahu,Honolulu,Waialua,Accepted Without Conditions,2017-07-05,2017-06-02,2026-10-01
001968,628577,68-052 AKULE STREET,68-052 AKULE ST,Waialua,96791,Oahu,Honolulu,Waialua,Accepted Without Conditions,2021-01-12,2021-01-08,2026-10-01
001263,529770,68-152 AU STREET,68-152E AU STREET,Waialua,96791,Oahu,Honolulu,Waialua,Accepted Without Conditions,2015-01-15,2014-12-30,2026-10-01
001203,509924,690 KIHAPAI STREET,690 KIHAPAI STREET,Kailua,96734,Oahu,Honolulu,Kailua,Accepted Without Conditions,2013-12-11,2013-12-11,2026-10-01
001572,592047,691 KIHAPAI ST,691 KIHAPAI ST,Kailua,96734,Oahu,Honolulu,Kailua,Accepted Without Conditions,2017-11-14,2017-10-06,2026-10-01
001957,628136,7000 HAWAII KAI DRIVE,7000 & 7002 HAWAII KAI DR,Honolulu,96825,Oahu,Honolulu,Hawaii Kai,Accepted Without Conditions,2020-11-25,2020-11-15,2026-10-01
002394,643665,701 NEAL AVENUE,701 AND 701 A NEAL AVENUE,Wahiawa,96786,Oahu,Honolulu,Wahiawa,Accepted Without Conditions,2026-03-31,2026-03-13,2026-10-01
001432,572893,714 16TH AVENUE,714 16TH AVE,Honolulu,96816,Oahu,Honolulu,Kaimuki/Kapahulu,Accepted Without Conditions,2016-12-15,2016-11-28,2026-10-01
000551,321427,727 UNIVERSITY,727 UNIVERSITY AVENUE,Honolulu,96826,Oahu,Honolulu,McCully/Moiliili,Accepted Without Conditions,,,2026-10-01
001994,629198,"732 SPENCER ST, 1510 EMERSON S",1510 EMERSON STREET #1510,Honolulu,96813,Oahu,Honolulu,Downtown/Chinatown,Accepted Without Conditions,2021-03-22,2021-03-18,2026-10-01
001204,510025,734A AND 734B 10TH AVENUE,734A 10TH AVENUE,Honolulu,96816,Oahu,Honolulu,Kaimuki/Kapahulu,Accepted With Conditions,2013-12-12,2013-12-06,2026-10-01
001402,566151,736 19TH AVENUE,736 & 736-B 19TH AVE,Honolulu,96816,Oahu,Honolulu,Kaimuki/Kapahulu,Accepted Without Conditions,2016-08-30,2016-08-10,2026-10-01
001145,492904,739 AND 739-A HOOPUNI DRIVE,739 AND 739-A HOOPUNI DRIVE,Kailua,96734,Oahu,Honolulu,Kailua,Accepted With Conditions,2012-12-18,2012-11-29,2026-10-01
000575,321448,75 KIHAPAI,,Kailua,96734,Oahu,Honolulu,Kailua,Accepted Without Conditions,,,2026-10-01
001939,627853,751 & 753 KAIPII STREET,751 & 753 KAIPII ST,Kailua,96734,Oahu,Honolulu,Kailua,Accepted Without Conditions,2020-10-29,2020-10-07,2026-10-01
001559,590027,778 WILIWILI,778 WILIWILI ST,Honolulu,96826,Oahu,Honolulu,McCully/Moiliili,Accepted Without Conditions,2017-10-11,2017-09-06,2026-10-01
001875,625910,788 & 790 KAIPII STREET,788 & 790 KAIPII ST,Kailua,96734,Oahu,Honolulu,Kailua,Accepted Without Conditions,2020-04-16,2020-04-13,2026-10-01
000721,321568,8/8-A KARSTEN DRIVE,8/8-A KARSTEN DR,Wahiawa,96786,Oahu,Honolulu,Wahiawa,Accepted Without Conditions,2000-01-01,2000-01-01,2026-10-01
001397,564994,801 SOUTH ST - BUILDING B,801 SOUTH ST,Honolulu,96813,Oahu,Honolulu,Downtown/Chinatown,Accepted Without Conditions,2025-01-29,2025-01-16,2026-10-01
002160,634302,836 AND 838 18TH AVENUE,836 - 838 18TH AVENUE,Honolulu,96816,Oahu,Honolulu,Kaimuki/Kapahulu,Accepted Without Conditions,2022-10-31,2022-10-20,2026-10-01
000400,321291,836 OCEAN VIEW DRIVE,,Honolulu,96816,Oahu,Honolulu,Kaimuki/Kapahulu,Accepted Without Conditions,,,2026-10-01
002418,644735,837 & 839 ONEAWA STREET CPR,837 AND 839 ONEAWA STREET,Kailua,96734,Oahu,Honolulu,Kailua,Accepted Without Conditions,2026-07-23,2026-07-02,2026-10-01
001852,623970,84-1005 LAHAINA,84-1005 LAHAINA ST,Waianae,96792,Oahu,Honolulu,Waianae/Makaha,Accepted Without Conditions,2020-01-21,2020-10-02,2026-10-01
000946,389423,84-1054 LAHAINA ST.,TMK: 8-4-21-70,Waianae,96792,Oahu,Honolulu,Waianae/Makaha,Accepted Without Conditions,,2008-02-21,2026-10-01
001327,551271,84-161 ORANGE STREET,84-161 ORANGE ST,Waianae,96792,Oahu,Honolulu,Waianae/Makaha,Accepted Without Conditions,2015-12-22,2015-12-18,2026-10-01
001451,576599,84-662 LAHAINA STREET,84-662 LAHAINA ST,Honolulu,96792,Oahu,Honolulu,Waianae/Makaha,Accepted Without Conditions,2017-02-24,2017-01-30,2026-10-01
000930,379683,84-694 & 84-694A LAHAINA STREE,84-694 LAHAINA ST,Waianae,96792,Oahu,Honolulu,Waianae/Makaha,Accepted Without Conditions,2019-05-23,2007-07-18,2026-10-01
001996,629216,84-755 HANALEI STREET,84-755 HANALEI ST,Waianae,96792,Oahu,Honolulu,Waianae/Makaha,Accepted Without Conditions,2021-03-24,2021-03-19,2026-10-01
000902,360220,84-802 LAHAINA,APTS A & B,Makaha,96792,Oahu,Honolulu,Waianae/Makaha,Accepted Without Conditions,2006-04-28,2006-04-26,2026-10-01
001893,626308,84-827 LAHAINA STREET,84-827 LAHAINA ST,Waianae,96792,Oahu,Honolulu,Waianae/Makaha,Accepted Without Conditions,2020-06-28,2020-06-02,2026-10-01
001405,566752,84-885 HANA STREET,84-885 HANA ST,Waianae,96792,Oahu,Honolulu,Waianae/Makaha,Accepted Without Conditions,2016-08-22,2016-08-11,2026-10-01
002033,629979,84-921 LAHAINA CONDOMINIUM,84-921 LAHAINA ST,Waianae,96792,Oahu,Honolulu,Waianae/Makaha,Accepted Without Conditions,2021-06-10,2021-06-03,2026-10-01
002342,641510,84-927 HANA STREET,84-931 HANA STREET,Waianae,96792,Oahu,Honolulu,Waianae/Makaha,Accepted Without Conditions,2024-06-24,2025-06-11,2026-10-01
002346,641762,84-949 & 84-949A HANA STREET,84-949A HANA STREET,Waianae,96792,Oahu,Honolulu,Waianae/Makaha,Accepted Without Conditions,2025-07-25,2025-07-11,2026-10-01
001063,449683,84-950 LAHAINA STREET,,Waianae,96792,Oahu,Honolulu,Waianae/Makaha,Accepted Without Conditions,,2010-04-23,2026-10-01
000952,393043,84-952 LAHAINA STREET,,Waianae,96792,Oahu,Honolulu,Waianae/Makaha,Accepted Without Conditions,2008-04-01,2008-03-27,2026-10-01
002283,638718,84-955 HANALEI,84-955 HANALEI ST,Waianae,96792,Oahu,Honolulu,Waianae/Makaha,Accepted Without Conditions,2024-07-17,2024-07-02,2026-10-01
000786,321624,84-984 LAHAINA STREET,84-984 LAHAINA STREET,Waianae,96792,Oahu,Honolulu,Waianae/Makaha,Accepted Without Conditions,,,2026-10-01
001181,504949,845/847 ONEAWA STREET,845 & 847 ONEAWA STREET,Kailua,96734,Oahu,Honolulu,Kailua,Accepted Without Conditions,2013-08-22,2013-08-22,2026-10-01
002291,639086,85-138 WAIANAE VALLEY RD.,85-138 WAIANAE VALLEY,Waianae,96792,Oahu,Honolulu,Waianae/Makaha,Accepted Without Conditions,2024-08-22,2024-08-15,2026-10-01
002137,633162,85-202 / 85-204 LUALUALEI HOME,85-202 / 85-204 LUALUALEI HOME,Waianae,96792,Oahu,Honolulu,Waianae/Makaha,Accepted Without Conditions,2005-04-21,2005-04-07,2026-10-01
001895,626347,85-206 LUALUALEI HOMESTEAD,ROAD CONDOMINIUM,Waianae,96792,Oahu,Honolulu,Waianae/Makaha,Accepted Without Conditions,2020-06-26,2020-06-04,2026-10-01
002305,639581,85-702 KAUPUNI PLACE,85-702 KAUPUNI PLACE,Waianae,96792,Oahu,Honolulu,Waianae/Makaha,Accepted Without Conditions,2024-10-18,2024-10-16,2026-10-01
002024,629801,85-745 LIHUE STREET,85-745 LIHUE STREET,Waianae,96792,Oahu,Honolulu,Waianae/Makaha,Accepted Without Conditions,2021-05-19,2021-05-13,2026-10-01
001390,564331,850A AND 850B THIRD STREET,850A & 850B THIRD ST,Pearl City,96782,Oahu,Honolulu,Pearl City,Accepted Without Conditions,2016-07-19,2016-07-13,2026-10-01
001974,628657,86-912 AND 86-916 ALAMIHI PLAC,86-912 AND 86-916 ALAMIHI PL,Waianae,96792,Oahu,Honolulu,Waianae/Makaha,Accepted Without Conditions,2021-01-28,2021-01-19,2026-10-01
002293,639131,87-1018 HAKIMO ROAD CONDO,87-1018 HAKIMO RD,Waianae,96792,Oahu,Honolulu,Waianae/Makaha,Accepted Without Conditions,2024-08-28,2024-08-21,2026-10-01
001787,614814,87-102E & 87-102E/A KULAAUPUNI,87-102E & 87-102E/A KULAAUPUNI,Waianae,96792,Oahu,Honolulu,Waianae/Makaha,Accepted With Conditions,2019-07-03,2019-06-10,2026-10-01
001667,603476,87-106 & 87-106A KULAAUPUNI ST,87-106 & 87-106A KULAAUPUNI ST,Waianae,96792,Oahu,Honolulu,Waianae/Makaha,Accepted Without Conditions,2023-05-18,2018-05-01,2026-10-01
001890,626215,87-118A AND 87-118B HOOKELE ST,87-118A & 87-118B HOOKELE ST,Waianae,96792,Oahu,Honolulu,Waianae/Makaha,Accepted Without Conditions,2020-06-26,2020-05-20,2026-10-01
001760,611467,87-1206 FARRINGTON HIGHWAY,87-1206 FARRINGTON HWY,Waianae,96792,Oahu,Honolulu,Waianae/Makaha,Accepted Without Conditions,2019-03-13,2019-03-05,2026-10-01
002200,635758,87-137 AUYONG HOMESTEAD ROAD,87-137A  AUYONG HOMESTEAD ROAD,Waianae,96792,Oahu,Honolulu,Waianae/Makaha,Accepted Without Conditions,2023-06-01,2023-05-16,2026-10-01
002105,632243,87-1430 AKOWAI RD,87-1430 AKOWAI RD,Waianae,96792,Oahu,Honolulu,Waianae/Makaha,Accepted With Conditions,2022-02-22,2022-02-17,2026-10-01
002203,635888,87-146 & 87-150 MAKONA STREET,87-146 & 87-150 MAKONA STREET,Waianae,96792,Oahu,Honolulu,Waianae/Makaha,Accepted Without Conditions,2023-06-20,2023-06-05,2026-10-01
002273,638450,87-1526 FARRINGTON HIGHWAY,87-1526 FARRINGTON HWY,Waianae,96792,Oahu,Honolulu,Waianae/Makaha,Accepted Without Conditions,2024-06-18,2024-06-03,2026-10-01
000744,321586,87-159 KULAAUPUNI STREET,87-159 KULAAUPUNI ST,Waianae,96792,Oahu,Honolulu,Waianae/Makaha,Accepted Without Conditions,2000-01-01,2000-01-01,2026-10-01
001756,610822,87-1732 FARRINGTON HIGHWAY CPR,87-1732 FARRINGTON HWY,Waianae,96792,Oahu,Honolulu,Waianae/Makaha,Accepted Without Conditions,2019-02-20,2019-02-08,2026-10-01
002072,631104,"87-188 FARRINGTON HIGHWAY, LLC",87-188 FARRINGTON HIGHWAY A-B,Waianae,96792,Oahu,Honolulu,Waianae/Makaha,Accepted Without Conditions,2021-10-14,2021-10-06,2026-10-01
002237,637152,87-1910 & 87-1910A FARRINGTON,87-1910 FARRINGTON HIGHWAY,Waianae,96792,Oahu,Honolulu,Waianae/Makaha,Accepted Without Conditions,2023-12-21,2023-12-11,2026-10-01
002127,632786,87-218B & 87-218B-1 ST JOHN'S,87-218 B ST. JOHN'S ROAD,Waianae,96792,Oahu,Honolulu,Waianae/Makaha,Accepted Without Conditions,2022-05-18,2022-04-22,2026-10-01
002338,641296,87-274 SAINT JOHNS DEVELOPMENT,87-274 SAINT JOHNS RD,Waianae,96792,Oahu,Honolulu,Waianae/Makaha,Accepted Without Conditions,2025-07-07,2025-05-15,2026-10-01
001637,598695,87-602 FARRINGTON HIGHWAY,87-602 FARRINGTON HWY,Waianae,96792,Oahu,Honolulu,Waianae/Makaha,Accepted With Conditions,2018-03-12,2018-02-12,2026-10-01
002123,632705,901 PROSPECT,901 PROSPECT 307,Honolulu,96822,Oahu,Honolulu,Makiki/Manoa,Accepted Without Conditions,2022-04-27,2022-04-15,2026-10-01
000957,399223,909 KAPIOLANI,909 KAPIOLANI BLVD,Honolulu,96814,Oahu,Honolulu,Kakaako/Ala Moana,Accepted Without Conditions,2008-06-25,2008-06-23,2026-10-01
001761,611505,91-002 MUUMUU PLACE,91-002 MUUMUU PL,Ewa Beach,96706,Oahu,Honolulu,Ewa Beach,Accepted Without Conditions,2019-04-03,2019-03-04,2026-10-01
001500,581904,91-2116 & 91-2116A FORT WEAVER,91-2116 & 91-2116A FORT WEAVER,Ewa Beach,96706,Oahu,Honolulu,Ewa Beach,Accepted With Conditions,2017-06-01,2017-04-29,2026-10-01
002393,643651,91-450 EWA BEACH ROAD,91-450 EWA BEACH ROAD,Ewa Beach,96706,Oahu,Honolulu,Ewa Beach,Accepted Without Conditions,2026-03-20,2026-03-12,2026-10-01
001349,556271,91-739 PAPIPI ROAD,91-739 PAPIPI RD,Ewa Beach,96706,Oahu,Honolulu,Ewa Beach,Accepted Without Conditions,2016-03-21,2016-03-17,2026-10-01
002290,639022,91-839 MAKULE RD & 91-832  AIK,91-832 AIKANAKA RD,Ewa Beach,96706,Oahu,Honolulu,Ewa Beach,Accepted Without Conditions,2024-08-14,2024-08-07,2026-10-01
002000,629342,91-862 MAKULE ROAD,91-862 MAKULE RD,Ewa Beach,96706,Oahu,Honolulu,Ewa Beach,Accepted Without Conditions,2021-04-09,2021-03-31,2026-10-01
001214,512087,91-862 MAKULE ROAD,91-862 MAKULE ROAD,Ewa Beach,96706,Oahu,Honolulu,Ewa Beach,Accepted With Conditions,2014-02-03,2014-02-03,2026-10-01
002068,630998,91-967 & 91-967A AKAHOLO ST,91-967 AKAHOLO ST,Ewa Beach,96706,Oahu,Honolulu,Ewa Beach,Accepted Without Conditions,2021-09-27,2021-09-23,2026-10-01
001377,561452,915 & 915-A MOKAPU BLVD,915 & 915-A MOKAPU BLVD,Kailua,96734,Oahu,Honolulu,Kailua,Accepted Without Conditions,2016-05-31,2016-05-18,2026-10-01
001276,537091,915 & 917 ONEAWA ST,915 & 917 OWEAWA ST,Kailua,96734,Oahu,Honolulu,Kailua,Accepted Without Conditions,2015-05-10,2015-03-20,2026-10-01
001537,587689,916 AULOA ROAD,916 AULOA RD,Kailua,96734,Oahu,Honolulu,Kailua,Accepted Without Conditions,2017-10-11,2017-07-27,2026-10-01
001131,485724,92-1103 KOIO DRIVE E,,Kapolei,96707,Oahu,Honolulu,Kapolei,Accepted Without Conditions,,2012-02-23,2026-10-01
002413,644574,92-517 AWAWA PL,92-517 AWAWA PL,Kapolei,96707,Oahu,Honolulu,Kapolei,Accepted Without Conditions,2026-07-01,2026-06-15,2026-10-01
002386,643378,92-792 AHIKOE STREET,92-792 AHIKOE STREET,Kapolei,96707,Oahu,Honolulu,Kapolei,Accepted Without Conditions,2026-03-04,2026-02-12,2026-10-01
000997,419083,931 COOLIDGE STREET,,Honolulu,96826,Oahu,Honolulu,McCully/Moiliili,Accepted Without Conditions,2009-03-19,2009-03-18,2026-10-01
000489,321375,932-934 11TH AVE,,Honolulu,96816,Oahu,Honolulu,Kaimuki/Kapahulu,Accepted Without Conditions,,,2026-10-01
001905,626692,933 AND 935 KAIPII STREET,933 KAIPII STREET,Kailua,96734,Oahu,Honolulu,Kailua,Accepted Without Conditions,2020-07-27,2020-07-15,2026-10-01
000393,321284,936 LEHUA,936 LEHUA AVE.,Pearl City,96782,Oahu,Honolulu,Pearl City,Accepted Without Conditions,,,2026-10-01
001873,625826,94-1041 & 94-1041A LUMIKULA,STREET  94-1041 LUMIKULA ST,Waipahu,96797,Oahu,Honolulu,Waipahu,Accepted Without Conditions,2020-05-05,2020-04-02,2026-10-01
001946,627931,94-1096 LUMIPOLU STREET,94-1096 LUMIPOLU ST,Waipahu,96797,Oahu,Honolulu,Waipahu,Accepted Without Conditions,2020-11-18,2020-10-20,2026-10-01
000877,336457,94-1102 LUMIPOLU ST.,94-1102 LUMIPOLU ST.,Waipahu,96797,Oahu,Honolulu,Waipahu,Accepted Without Conditions,2002-05-16,2002-05-02,2026-10-01
002274,638459,94-1225 WAIPAHU STREET,94-1225 WAIPAHU STREET,Waipahu,96797,Oahu,Honolulu,Waipahu,Accepted Without Conditions,2024-06-06,2024-06-04,2026-10-01
001689,605486,94-1265 AND 94-1265A WAIPAHU,STREET 94-1265 & 1265A WAIPAHU,Waipahu,96797,Oahu,Honolulu,Waipahu,Accepted With Conditions,2018-08-15,2018-07-10,2026-10-01
001297,545071,94-500 &94-500A KOALEO STREET,94-500  KOALEO STREET,Waipahu,96797,Oahu,Honolulu,Waipahu,Accepted Without Conditions,2015-09-10,2015-07-20,2026-10-01
001396,564952,94-544A & 94-544B KOALEO STREE,94-544A & 94-544B KOALEO ST,Waipahu,96797,Oahu,Honolulu,Waipahu,Accepted Without Conditions,2016-08-17,2016-07-21,2026-10-01
001446,575335,94-556 KOALEO STREET,94-556 KOALEO ST,Waipahu,96797,Oahu,Honolulu,Waipahu,Accepted With Conditions,2017-02-01,2017-01-11,2026-10-01
001691,605633,941 KAIPII STREET,941 KAIPII ST,Kailua,96734,Oahu,Honolulu,Kailua,Accepted Without Conditions,2018-08-15,2018-07-18,2026-10-01
001988,629025,941 KOKO HEAD AVENUE,941 KOKO HEAD AVENUE,Honolulu,96816,Oahu,Honolulu,Kaimuki/Kapahulu,Accepted Without Conditions,2021-03-09,2021-03-02,2026-10-01
000824,321658,944 ROAD A,,Pearl City,96782,Oahu,Honolulu,Pearl City,Accepted Without Conditions,,,2026-10-01
000931,380503,95-302A WAIPUOLO PLACE,TMK: 1/9-5-10-105,Waipio,96789,Oahu,Honolulu,Mililani,Accepted Without Conditions,2007-08-09,2007-07-31,2026-10-01
000061,321022,965 PROSPECT,(PUNCHBOWL),Honolulu,96813,Oahu,Honolulu,Downtown/Chinatown,Accepted Without Conditions,,,2026-10-01
002420,644791,968 SPENCER,968 SPENCER STREET,Honolulu,96822,Oahu,Honolulu,Makiki/Manoa,Accepted Without Conditions,2026-07-15,2026-07-09,2026-10-01
001481,580002,99-036 & 99-036A MOANALUA ROAD,99-036 & 99-036A MOANALUA RD,Aiea,96701,Oahu,Honolulu,Aiea,Accepted Without Conditions,2017-04-04,2017-03-27,2026-10-01
001707,607222,99-050 AND 99-050A NALOPAKA,PLACE 99-50 & 99-50A NALOPAKA,Aiea,96701,Oahu,Honolulu,Aiea,Accepted Without Conditions,2018-10-29,2018-09-13,2026-10-01
001850,623872,99-1230 HALAWA HEIGHTS ROAD,99-1230 HALAWA HEIGHTS RD,Aiea,96701,Oahu,Honolulu,Aiea,Accepted Without Conditions,2020-01-17,2019-12-30,2026-10-01
001151,494884,99-425 & 99-425A KEKOA PLACE,99-425 & 99-425A KEKOA PLACE,Aiea,96701,Oahu,Honolulu,Aiea,Accepted With Conditions,2013-02-01,2013-02-01,2026-10-01
002015,629715,99-530 & 99-530A HALAWA HTS,99-530 & A HALAWA HEIGHTS RD,Aiea,96701,Oahu,Honolulu,Aiea,Accepted Without Conditions,2021-05-20,2021-05-05,2026-10-01
000158,463443,999 WILDER,999 WILDER AVE,Honolulu,96822,Oahu,Honolulu,Makiki/Manoa,Accepted Without Conditions,2011-03-02,2011-03-02,2026-10-01
001638,598874,A'ELOA TERRACE,91-1085 NAMAHOE ST,Kapolei,96707,Oahu,Honolulu,Kapolei,Accepted Without Conditions,2018-04-24,2018-02-14,2026-10-01
000493,321379,ACACIA PARK CONDO,ACACIA RD.,Pearl City,96782,Oahu,Honolulu,Pearl City,Accepted Without Conditions,,,2026-10-01
000104,321049,ACADEMY TOWERS,,Honolulu,96813,Oahu,Honolulu,Downtown/Chinatown,Accepted Without Conditions,,,2026-10-01
001444,574757,AHUIMANU ESTATES I,47-421A & 47-421B AHUIMANU PL,Kaneohe,96744,Oahu,Honolulu,Kaneohe,Accepted With Conditions,2017-01-05,2016-12-29,2026-10-01
001428,571413,AHUIMANU ESTATES II,47-419 AHUIMANU PL,Kaneohe,96744,Oahu,Honolulu,Kaneohe,Accepted With Conditions,2016-11-08,2016-11-04,2026-10-01
000059,321020,AHUIMANU GARDENS,,Kahaluu,96744,Oahu,Honolulu,Kaneohe,Accepted Without Conditions,,,2026-10-01
000941,384623,AHUIMANU PLACE ESTATES,47-414 AHUIMANU PL,Kaneohe,96744,Oahu,Honolulu,Kaneohe,Accepted Without Conditions,2007-11-29,2007-11-09,2026-10-01
001880,625992,AHUIMANU VIEW ESTATES,47-361 AHUIMANU RD,Kaneohe,96744,Oahu,Honolulu,Kaneohe,Accepted With Conditions,2020-04-22,2020-04-20,2026-10-01
001885,626104,AHUIMANU WOODS I,47-608 A&B HUI ULILI ST,Kaneohe,96744,Oahu,Honolulu,Kaneohe,Accepted Without Conditions,2020-05-12,2020-05-07,2026-10-01
001898,626517,AHUIMANU WOODS IV,47-610 A&B HUI ULILI ST,Kaneohe,96744,Oahu,Honolulu,Kaneohe,Accepted Without Conditions,2020-07-21,2020-06-25,2026-10-01
001503,582883,AIEA HALE POPOKI,99-010 KAUPILI PL,Aiea,96701,Oahu,Honolulu,Aiea,Accepted Without Conditions,2017-07-05,2017-05-16,2026-10-01
000109,321051,AIEA LANI ESTATES,AIEA HEIGHTS DR,Aiea,96701,Oahu,Honolulu,Aiea,Accepted Without Conditions,2017-08-15,2013-10-18,2026-10-01
000132,482664,AIEA RIDGE,99-969 AIEA HEIGHTS DRIVE,Aiea,96701,Oahu,Honolulu,Aiea,Accepted Without Conditions,,2012-06-08,2026-10-01
000108,461604,AIEALANI VIEWS,,Aiea,96701,Oahu,Honolulu,Aiea,Accepted Without Conditions,2011-01-10,2010-12-27,2026-10-01
000139,94287,AIKAHI GARDENS,174 NOKE ST,Kailua,96734,Oahu,Honolulu,Kailua,Accepted Without Conditions,2000-01-01,2000-01-01,2026-10-01
001477,579363,AINAHAU GARDENS,2442 TUSITALA ST,Honolulu,96815,Oahu,Honolulu,Waikiki,Accepted Without Conditions,2017-04-17,2017-03-20,2026-10-01
001879,625987,AKAMAI GARDENS,1430 AKAMAI PL,Kailua,96734,Oahu,Honolulu,Kailua,Accepted Without Conditions,2020-05-07,2020-04-20,2026-10-01
002321,640092,AKIIKII PLACE,1448 AKIIKII PLACE,Kailua,96734,Oahu,Honolulu,Kailua,Accepted Without Conditions,2025-01-03,2024-12-24,2026-10-01
001475,579160,AKULE-AU CONDOMINIUM,68-092 AKULE ST,Waialua,96791,Oahu,Honolulu,Waialua,Accepted Without Conditions,2017-04-04,2017-03-16,2026-10-01
001811,617499,AKULEANA HALE,1469/1471 AKULEANA PL,Kailua,96734,Oahu,Honolulu,Kailua,Accepted Without Conditions,2019-08-21,2019-08-01,2026-10-01
001958,628223,ALA MOANA TOWER,1617 KAPIOLANI BLVD,Honolulu,96814,Oahu,Honolulu,Kakaako/Ala Moana,Accepted Without Conditions,2021-02-09,2020-11-25,2026-10-01
002016,629719,ALA WAI EAST,2547 ALA WAI VOULEVARD 202,Honolulu,96815,Oahu,Honolulu,Waikiki,Accepted Without Conditions,2021-05-27,2021-05-05,2026-10-01
000708,321559,ALA WAI MANOR,620 MCCULLY STREET,Honolulu,96815,Oahu,Honolulu,Waikiki,Accepted Without Conditions,,,2026-10-01
000554,321429,ALA WAI MANSION,2029 ALA WAI BLVD,Honolulu,96815,Oahu,Honolulu,Waikiki,Accepted With Conditions,2014-09-08,2014-09-08,2026-10-01
000977,408944,ALA WAI PALMS,2355 ALA WAI BLVD,Honolulu,96815,Oahu,Honolulu,Waikiki,Accepted Without Conditions,2008-11-07,2008-11-06,2026-10-01
000233,321143,ALA WAI PLAZA,500 UNIVERSITY AVE.,Honolulu,96826,Oahu,Honolulu,McCully/Moiliili,Accepted Without Conditions,,,2026-10-01
001658,602155,ALA WAI PLAZA SKYRISE,555 UNIVERSITY AVE,Honolulu,96826,Oahu,Honolulu,McCully/Moiliili,Accepted Without Conditions,2018-05-02,2018-04-09,2026-10-01
001043,445263,ALA WAI TERRACE,1684 ALA MOANA BLVD.,Honolulu,96815,Oahu,Honolulu,Waikiki,Accepted Without Conditions,,2010-01-12,2026-10-01
000709,321560,ALA WAI TOWN HOUSE,2421 ALA WAI BLVD,Honolulu,96815,Oahu,Honolulu,Waikiki,Accepted With Conditions,2000-01-01,2000-01-01,2026-10-01
000331,321228,ALA WAILANI,2609 ALA WAI BLVD,Honolulu,96815,Oahu,Honolulu,Waikiki,Accepted Without Conditions,2000-01-01,2000-01-01,2026-10-01
002325,640198,ALANA AT HO'OPILI,91-1171 HO'ONA'AUAO STREET,Kapolei,96707,Oahu,Honolulu,Kapolei,Accepted Without Conditions,2025-02-21,2025-01-13,2026-10-01
000936,383504,ALEWA LANI ESTATES,TMK: 1/1-8-032-012,Honolulu,96817,Oahu,Honolulu,Kalihi/Liliha,Accepted Without Conditions,2007-10-17,2007-09-10,2026-10-01
001107,479905,ALEWA MANOR,718 & 720 ALEWA DRIVE,Honolulu,96817,Oahu,Honolulu,Kalihi/Liliha,Accepted Without Conditions,,2012-04-11,2026-10-01
000209,321127,ALEXANDER ARMS,1320 ALEXANDER STREET,Honolulu,96826,Oahu,Honolulu,McCully/Moiliili,Accepted Without Conditions,,,2026-10-01
002421,644952,ALEXANDER GARDENS,1427 ALEXANDER ST,Honolulu,96822,Oahu,Honolulu,Makiki/Manoa,Accepted Without Conditions,2026-08-11,2026-07-27,2026-10-01
000304,321203,ALEXANDER TOWERS,1226 ALEXANDER ST.,Honolulu,96826,Oahu,Honolulu,McCully/Moiliili,Accepted Without Conditions,,,2026-10-01
000834,321668,ALII COURT  1,,Ewa Beach,96706,Oahu,Honolulu,Ewa Beach,Accepted Without Conditions,,,2026-10-01
000838,321670,ALII COURT  3,,Ewa Beach,96706,Oahu,Honolulu,Ewa Beach,Accepted Without Conditions,,,2026-10-01
000848,321679,ALII COURT  4,,Ewa Beach,96706,Oahu,Honolulu,Ewa Beach,Accepted Without Conditions,,,2026-10-01
001135,525848,ALII COVE/ALII COURT/LOFTS/,"MODEL COMPLEX, 91-1066 LELE'OI",Ewa Beach,96706,Oahu,Honolulu,Ewa Beach,Accepted Without Conditions,2017-03-20,2014-09-30,2026-10-01
001839,622650,ALII PLANTATION (ALL PHASES),1227 ALA ALII ST,Honolulu,96818,Oahu,Honolulu,Salt Lake/Moanalua,Accepted Without Conditions,2019-12-17,2019-12-03,2026-10-01
000336,321232,ALII PLANTION PHASE II,ALA ALII ST,Honolulu,96818,Oahu,Honolulu,Salt Lake/Moanalua,Accepted Without Conditions,,2011-08-15,2026-10-01
000338,321234,ALII PLANTION PHASE III,ALA ALI ST.,Honolulu,96818,Oahu,Honolulu,Salt Lake/Moanalua,Accepted Without Conditions,,2011-08-15,2026-10-01
001452,576658,ALLIGATOR HOMES,61-278 KAMEHAMEHA HWY,Haleiwa,96712,Oahu,Honolulu,Haleiwa/North Shore,Accepted Without Conditions,2017-02-08,2017-02-02,2026-10-01
001519,584646,ALLURE WAIKIKI,1837 KALAKAUA AVE,Honolulu,96815,Oahu,Honolulu,Waikiki,Accepted Without Conditions,2017-07-11,2017-06-14,2026-10-01
002390,643500,ALOHA AINA,2819 PETER ST,Honolulu,96816,Oahu,Honolulu,Kaimuki/Kapahulu,Accepted Without Conditions,2026-03-12,2026-02-25,2026-10-01
001253,527610,ALOHA LANI,2211 ALA WAI BLVD.,Honolulu,96815,Oahu,Honolulu,Waikiki,Accepted With Conditions,2014-11-28,2014-11-28,2026-10-01
000690,321543,ALOHA TOWERS INC,430 LEWERS ST,Honolulu,96815,Oahu,Honolulu,Waikiki,Accepted With Conditions,2018-01-23,2000-01-01,2026-10-01
002254,637793,ALOHALANI TROPICANA,814 KINAU ST,Honolulu,96813,Oahu,Honolulu,Downtown/Chinatown,Accepted Without Conditions,2024-04-08,2024-03-15,2026-10-01
001754,610461,ANAHA,1108 AUAHI ST,Honolulu,96814,Oahu,Honolulu,Kakaako/Ala Moana,Accepted Without Conditions,2019-02-08,2019-01-30,2026-10-01
000247,468346,ANAPUNI MANOR,,Honolulu,96822,Oahu,Honolulu,Makiki/Manoa,Accepted Without Conditions,,2011-06-14,2026-10-01
002153,633651,ANAPUNI TERRACE,1707 ANAPUNI STREET,Honolulu,96822,Oahu,Honolulu,Makiki/Manoa,Accepted Without Conditions,2022-08-10,2022-08-01,2026-10-01
000806,321640,ANCHETA'S COURT,,Waialua,96791,Oahu,Honolulu,Waialua,Accepted Without Conditions,2002-11-01,2002-10-31,2026-10-01
001311,546813,ANOI ESTATES,3103 PUALEI CIRCLE #302,Honolulu,96815,Oahu,Honolulu,Waikiki,Accepted Without Conditions,2015-10-13,2015-10-08,2026-10-01
002097,631877,ANOI RESIDENCES LLC,45-842 ANOI ROAD,Kaneohe,96744,Oahu,Honolulu,Kaneohe,Accepted Without Conditions,2022-01-20,2022-01-07,2026-10-01
000965,402764,ANUHEA @ MAKAKILO,92-367 PALAULAU PL,Kapolei,96707,Oahu,Honolulu,Kapolei,Accepted Without Conditions,2008-08-08,2008-08-06,2026-10-01
001095,459523,ANUHEA AME LELUA,45-573 & 45-575 PUAPOO PL,Kaneohe,96744,Oahu,Honolulu,Kaneohe,Accepted With Conditions,,2010-11-29,2026-10-01
002231,636847,AOAO K KAYA APARTMENTS,828 PUUHALE ROAD,Honolulu,96819,Oahu,Honolulu,Kalihi/Liliha,Accepted Without Conditions,2023-10-24,2023-10-23,2026-10-01
001001,419323,APAPANE WOODS,45-641 APAPANE STREET,Kaneohe,96744,Oahu,Honolulu,Kaneohe,Accepted Without Conditions,2009-03-25,2009-03-25,2026-10-01
002317,639912,AQUA ASTON KONA BY THE SEA,"820 MILILANI ST, STE 600",Honolulu,96813,Oahu,Honolulu,Downtown/Chinatown,Accepted Without Conditions,2024-12-10,2024-11-25,2026-10-01
000743,94808,ARBORS,91-919-1057 LA'AULU ST,Ewa Baech,96706,Oahu,Honolulu,Ewa Beach,Accepted Without Conditions,2018-07-19,2015-02-06,2026-10-01
000766,321604,ARBORS INCREMENT A,91-932/8/50 LA'AULU ST,Ewa Beach,96706,Oahu,Honolulu,Ewa Beach,Accepted Without Conditions,2018-07-19,2015-02-06,2026-10-01
000745,309914,ARBORS INCREMENT C,91-1039 LA'AULU ST,Ewa Beach,96706,Oahu,Honolulu,Ewa Beach,Accepted Without Conditions,2018-07-19,2015-02-06,2026-10-01
000746,321587,ARBORS INCREMENT D,91-962 LA'AULU ST,Ewa Beach,96706,Oahu,Honolulu,Ewa Beach,Accepted Without Conditions,2018-07-19,2015-02-06,2026-10-01
000748,321589,ARBORS INCREMENT E,91-970-999 LA'ULU ST,Ewa Beach,96707,Oahu,Honolulu,Kapolei,Accepted Without Conditions,2018-07-19,2015-02-06,2026-10-01
000749,321590,ARBORS INCREMENT F,91-994-1004 LA'AULU ST,Ewa Beach,96706,Oahu,Honolulu,Ewa Beach,Accepted Without Conditions,2018-07-19,2015-02-06,2026-10-01
000750,321591,ARBORS INCREMENT G,91-1012-1056 LA'AULU ST,Ewa Beach,96707,Oahu,Honolulu,Kapolei,Accepted Without Conditions,2018-07-19,2015-02-06,2026-10-01
000756,321597,ARBORS INCREMENT H,91-1064-1088 LA'AULU ST,Ewa Beach,96707,Oahu,Honolulu,Kapolei,Accepted Without Conditions,2018-07-19,2015-02-06,2026-10-01
000757,94820,ARBORS INCREMENT I,91-1091-1110 LA'AULU ST,Ewa Beach,96706,Oahu,Honolulu,Ewa Beach,Accepted Without Conditions,2018-07-19,2015-02-06,2026-10-01
000758,321598,ARBORS INCREMENT J,91-1120-1145 LA'AULU ST,Ewa Beach,96706,Oahu,Honolulu,Ewa Beach,Accepted Without Conditions,2018-07-19,2015-02-06,2026-10-01
002333,640674,ASSOCIATION OF APARTMENT OWNER,725 KIHAPAI PLACE,Kailua,96734,Oahu,Honolulu,Kailua,Accepted Without Conditions,2025-03-28,2025-03-10,2026-10-01
000345,321241,ATKINSON PLAZA,415 ATKINSON DRIVE,Honolulu,96814,Oahu,Honolulu,Kakaako/Ala Moana,Accepted Without Conditions,,2011-07-12,2026-10-01
000492,321378,ATKINSON PLAZA,475 ATKINSON DR,Honolulu,96814,Oahu,Honolulu,Kakaako/Ala Moana,Accepted Without Conditions,,,2026-10-01
001211,511626,ATKINSON TOWERS,419A ATKINSON DR.,Honolulu,96814,Oahu,Honolulu,Kakaako/Ala Moana,Accepted Without Conditions,2014-01-27,2014-01-13,2026-10-01
001351,556651,AU KAI HALE MAKAI,68-091 AU ST,Waialua,96791,Oahu,Honolulu,Waialua,Accepted Without Conditions,2016-03-30,2016-03-21,2026-10-01
001141,491044,AU KAI HALE MAUKA,68-085 AU STREET,Wailua,96791,Oahu,Honolulu,Waialua,Accepted Without Conditions,,2012-11-13,2026-10-01
000974,408403,AUWAI ESTATES,"620 A&B, 626 A, B,630 AUWAI ST",Kailua,96734,Oahu,Honolulu,Kailua,Accepted Without Conditions,2017-04-28,2008-10-24,2026-10-01
001191,508625,AWAKEA AT MEHANA,WAKEA ST/KAKALA ST/MANAWAI STL,Kapolei,96707,Oahu,Honolulu,Kapolei,Accepted With Conditions,2013-11-12,2013-11-12,2026-10-01
000683,321537,AWAMOKU - MAIKAI,AWAMOKU & MAIKAI STREETS,Waipahu,96797,Oahu,Honolulu,Waipahu,Accepted Without Conditions,,,2026-10-01
002088,631566,AZURE ALA MOANA,641 KEEAMOKU STREET,Honolulu,96814,Oahu,Honolulu,Kakaako/Ala Moana,Accepted Without Conditions,2021-12-15,2021-11-24,2026-10-01
FHA238,336652,BANYAN GARDENS,,Honolulu,96817,Oahu,Honolulu,Kalihi/Liliha,Accepted Without Conditions,2002-07-12,2002-07-10,2026-10-01
000190,321111,BANYAN TREE PLAZA,1212 PUNA HOU STREET,Honolulu,96826,Oahu,Honolulu,McCully/Moiliili,Accepted Without Conditions,,,2026-10-01
FHA003,321709,BARCLAY,1400 PENSACOLA,Honolulu,96822,Oahu,Honolulu,Makiki/Manoa,Accepted Without Conditions,2011-06-06,2011-06-06,2026-10-01
001208,510924,BEAUTIFUL BEACH HOMES OF,KAAAWA 51-458 KAMEHAMEHA HWY,Kaaawa,96730,Oahu,Honolulu,Kaaawa,Accepted Without Conditions,2014-01-08,2014-01-08,2026-10-01
000434,321324,BEL-AIR PLAZA,1054 GREEN STREET,Honolulu,96822,Oahu,Honolulu,Makiki/Manoa,Accepted Without Conditions,,,2026-10-01
002158,634068,BELLEVUE TOWER,1309 WILDER AVE,Honolulu,96822,Oahu,Honolulu,Makiki/Manoa,Accepted Without Conditions,2022-09-22,2021-09-17,2026-10-01
000227,321141,BELVEDERE,929 AHANA ST,Honolulu,96814,Oahu,Honolulu,Kakaako/Ala Moana,Accepted Without Conditions,2000-01-01,2000-01-01,2026-10-01
002117,632650,BERETANIA-PENSACOLA,1096 S BERETANIA STREET,Honolulu,96814,Oahu,Honolulu,Kakaako/Ala Moana,Accepted Without Conditions,2022-04-12,2022-04-07,2026-10-01
000864,321695,BIG SURF,1690 ALA MOANA,Honolulu,96815,Oahu,Honolulu,Waikiki,Accepted Without Conditions,2000-01-01,2000-01-01,2026-10-01
002351,641817,BIRCH & ELM,907 BIRCH STREET,Honolulu,96814,Oahu,Honolulu,Kakaako/Ala Moana,Accepted Without Conditions,2025-07-30,2025-07-17,2026-10-01
000134,462230,BISHOP GARDENS,1441 KAUMUALII STREET,Honolulu,96817,Oahu,Honolulu,Kalihi/Liliha,Accepted Without Conditions,,2011-01-12,2026-10-01
001081,454403,BLUESTONE,319 KAELEPULU DRIVE,Kailua,96734,Oahu,Honolulu,Kailua,Accepted Without Conditions,,2010-07-29,2026-10-01
000107,321050,BOUGAINVILLE,98-340 KOAUKA LP,Aiea,96701,Oahu,Honolulu,Aiea,Accepted Without Conditions,2012-11-16,2012-01-20,2026-10-01
000921,372544,BOUVELARD TOWER,2281 ALA WAI BLVD.,Honolulu,96815,Oahu,Honolulu,Waikiki,Accepted Without Conditions,2007-02-14,2007-02-12,2026-10-01
000724,476583,BROOKLYN'S HILLSIDE PHASE II,45-555 KEAAHALA RD,Kaneohe,96744,Oahu,Honolulu,Kaneohe,Accepted Without Conditions,2012-01-17,2012-01-17,2026-10-01
002398,643949,CALIFORNIA AVE ESTATES,2001 & 2001A CALIFORNIA AVE,Wahiawa,96786,Oahu,Honolulu,Wahiawa,Accepted Without Conditions,2026-05-11,2026-04-13,2026-10-01
001697,606250,CALIFORNIA AVENUE GARDENS,2127 CALIFORNIA AVE,Wahiawa,96786,Oahu,Honolulu,Wahiawa,Accepted With Conditions,2018-08-30,2018-08-06,2026-10-01
001014,425845,CAMELOT,1630 LIHOLIHO STREET,Honolulu,96822,Oahu,Honolulu,Makiki/Manoa,Accepted Without Conditions,2009-05-29,2009-05-28,2026-10-01
000467,94575,CANAL HOUSE,2611 ALA WAI BLVD,Honolulu,96815,Oahu,Honolulu,Waikiki,Accepted Without Conditions,2000-01-01,2000-01-01,2026-10-01
FHA004,321710,CANDLEWOOD,,Honolulu,96818,Oahu,Honolulu,Salt Lake/Moanalua,Accepted Without Conditions,,,2026-10-01
001556,589929,CANTERBURY PLACE,1910 ALA MOANA BLVD,Honolulu,96815,Oahu,Honolulu,Waikiki,Accepted With Conditions,2017-09-17,2017-09-05,2026-10-01
000955,398463,CAPITOL PLACE,1200 QUEEN EMMA ST.,Honolulu,96813,Oahu,Honolulu,Downtown/Chinatown,Accepted Without Conditions,2008-06-17,2008-06-03,2026-10-01
000586,321456,CARLTON PLACE,,Honolulu,96822,Oahu,Honolulu,Makiki/Manoa,Accepted Without Conditions,,,2026-10-01
000047,321012,CATHEDRAL PT-MELEMANU WOODLAND,WAIKALANI DR,Mililani,96789,Oahu,Honolulu,Mililani,Accepted With Conditions,2010-03-31,2010-03-31,2026-10-01
001119,483306,CEDAR HAVEN BY THE OCEAN,91-281 & 91-281A EWA BEACH RD,Ewa Beach,96706,Oahu,Honolulu,Ewa Beach,Accepted Without Conditions,,2012-06-22,2026-10-01
001972,628630,CENTRAL ALA MOANA THE,1391 KAPIOLANI BLVD,Honolulu,96814,Oahu,Honolulu,Kakaako/Ala Moana,Accepted With Conditions,2021-01-22,2021-01-14,2026-10-01
000125,321062,CENTRE COURT,99-015 KALALOA ST,Aiea,96701,Oahu,Honolulu,Aiea,Accepted Without Conditions,2000-01-01,2000-01-01,2026-10-01
000269,321174,CENTURY PARK PLAZA,1060 KAMEHAMEHA HWY,Pearl City,96782,Oahu,Honolulu,Pearl City,Accepted Without Conditions,2017-09-13,2014-02-05,2026-10-01
000286,321190,CENTURY WEST,3161 ALA ILIMA ST,Honolulu,96818,Oahu,Honolulu,Salt Lake/Moanalua,Accepted Without Conditions,2000-01-01,2000-01-01,2026-10-01
001800,616579,CHATEAU NEWTOWN I (ALL PHASES),KILINOE ST,Aiea,96706,Oahu,Honolulu,Ewa Beach,Accepted With Conditions,2019-08-02,2019-07-15,2026-10-01
000076,321033,CHATEAU WAIKIKI,411 HOBRON LN,Honolulu,96815,Oahu,Honolulu,Waikiki,Accepted Without Conditions,2017-10-23,2000-01-01,2026-10-01
000241,321150,CITRON VILLA,1717 CITRON STREET,Honolulu,96826,Oahu,Honolulu,McCully/Moiliili,Accepted Without Conditions,,,2026-10-01
000935,381743,CLIFF VIEW TERRACE,TMK: 1 / 4-5-14-05,Kaneohe,96744,Oahu,Honolulu,Kaneohe,Accepted With Conditions,2007-09-07,2007-08-27,2026-10-01
000505,469923,CLIFFS AT POHAKEA,,Kaneohe,96744,Oahu,Honolulu,Kaneohe,Accepted Without Conditions,,2011-07-19,2026-10-01
000557,321432,CLIFFSIDE VILLAGES AT WAIPIO,"INC, 94-100-94-111 MUI PL",Waipahu,96797,Oahu,Honolulu,Waipahu,Accepted Without Conditions,2010-09-09,2010-09-09,2026-10-01
000053,321017,CLUB VIEW GARDENS I/KAHALEMANU,HUI IWA ST,Kaneohe,96734,Oahu,Honolulu,Kailua,Accepted Without Conditions,1973-01-01,1972-12-31,2026-10-01
002405,644154,CLUB VIEW GARDENS II,47-712 HUI KELU STREET,Kaneohe,96744,Oahu,Honolulu,Kaneohe,Accepted Without Conditions,2026-06-02,2026-05-04,2026-10-01
000054,309338,CLUB VIEW GARDENS II,47-728-2 HUI KELU ST,Kaneohe,96744,Oahu,Honolulu,Kaneohe,Accepted Without Conditions,2000-01-01,2000-01-01,2026-10-01
000055,321018,CLUB VIEW GARDENS III,47-696 HUI KELU ST,Kaneohe,96744,Oahu,Honolulu,Kaneohe,Accepted Without Conditions,2000-01-01,2000-01-01,2026-10-01
002163,634414,COBB ADAMS RD,"45-1131, 45-1133, 45-1135",Kaneohe,96744,Oahu,Honolulu,Kaneohe,Accepted Without Conditions,2022-11-29,2022-11-07,2026-10-01
001291,546731,COCONUT GROVE ESTATES,410A ULUPAINA ST,Kailua,96734,Oahu,Honolulu,Kailua,Accepted Without Conditions,2015-09-30,2015-08-11,2026-10-01
000953,394203,COCONUT PLANTATION @ KOLINA,92-1070 OLANI STREET,Kapolei,96707,Oahu,Honolulu,Kapolei,Accepted Without Conditions,2008-05-05,2008-05-01,2026-10-01
000248,321155,COLLEGE GARDENS (ALL PHASES),96-226 WAIAWA RD,Pearl City,96782,Oahu,Honolulu,Pearl City,Accepted With Conditions,2000-01-01,2000-01-01,2026-10-01
000091,321042,COLONNADE ON THE GREENS,98-711 IHO PL,Aiea,96701,Oahu,Honolulu,Aiea,Accepted With Conditions,2020-03-05,2014-11-04,2026-10-01
000451,321340,COLONY MARINA,6202 KEOKEA PL.,Honolulu,96825,Oahu,Honolulu,Hawaii Kai,Accepted Without Conditions,,,2026-10-01
000181,321103,COMMODORE,555 HAHAIONE ST,Honolulu,96825,Oahu,Honolulu,Hawaii Kai,Accepted Without Conditions,2000-01-01,2000-01-01,2026-10-01
001288,539162,COMMODORE WAIKIKI,1868 & 1880 KAHAKAI DR,Honolulu,96814,Oahu,Honolulu,Kakaako/Ala Moana,Accepted With Conditions,2015-06-12,2015-06-12,2026-10-01
FHA039,321735,CONTINENTAL APARTMENTS,909-933 KAHEKA ST,Honolulu,96814,Oahu,Honolulu,Kakaako/Ala Moana,Accepted Without Conditions,2000-01-01,2000-01-01,2026-10-01
000558,321433,CONTINENTAL PLAZA,1040 LUNALILO STREET,Honolulu,96822,Oahu,Honolulu,Makiki/Manoa,Accepted Without Conditions,,,2026-10-01
000242,321151,COOLIDGE GARDENS,825 COOLIDGE STREET,Honolulu,96826,Oahu,Honolulu,McCully/Moiliili,Accepted Without Conditions,,,2026-10-01
000475,321362,COOLIDGE VILLAS,909 COOLIDGE STREET,Honolulu,96826,Oahu,Honolulu,McCully/Moiliili,Accepted Without Conditions,,,2026-10-01
001117,482666,CORAL TERRACE APARTMENTS,2222 & 2224 ALOHA DRIVE,Honolulu,96815,Oahu,Honolulu,Waikiki,Accepted Without Conditions,,2012-06-08,2026-10-01
001464,578420,CORONADO (ALL PHASES),KANEANA ST,Ewa Beach,96706,Oahu,Honolulu,Ewa Beach,Accepted Without Conditions,2017-04-04,2017-03-06,2026-10-01
001776,612956,COTTAGES AT MAUNA 'OLU,84-999 MAIOLA PL,Waianae,96792,Oahu,Honolulu,Waianae/Makaha,Accepted With Conditions,2019-05-22,2019-04-26,2026-10-01
001847,623813,COTY TOWER,731 AMANA ST,Honolulu,96814,Oahu,Honolulu,Kakaako/Ala Moana,Accepted Without Conditions,2020-01-10,2019-12-27,2026-10-01
000529,196734,COUNTRY CLUB PLAZA,"5070, 5080, 5090 LIKINI ST",Honolulu,96818,Oahu,Honolulu,Salt Lake/Moanalua,Accepted Without Conditions,2014-10-06,2014-10-06,2026-10-01
001462,578041,COUNTRY CLUB VILLAGE,1110 ALA NAPUNANI ST,Honolulu,96818,Oahu,Honolulu,Salt Lake/Moanalua,Accepted Without Conditions,2019-04-12,2017-03-01,2026-10-01
001737,609962,COUNTRY CLUB VILLAGE 6,3009 ALA MAKAHALA PL,Honolulu,96818,Oahu,Honolulu,Salt Lake/Moanalua,Accepted Without Conditions,2019-01-17,2018-12-20,2026-10-01
001522,584966,COUNTRY CLUB VILLAGE PHASE 2,3054 ALA POHA PL,Honolulu,96818,Oahu,Honolulu,Salt Lake/Moanalua,Accepted Without Conditions,2017-08-02,2017-06-16,2026-10-01
000300,321200,COUNTRY CLUB VISTA,3050 ALA POHA PLACE,Honolulu,96818,Oahu,Honolulu,Salt Lake/Moanalua,Accepted Without Conditions,,,2026-10-01
001398,565271,COURTYARDS AT PUNAHOU,1740 S BERETANIA ST,Honolulu,96826,Oahu,Honolulu,McCully/Moiliili,Accepted Without Conditions,2016-08-08,2016-07-27,2026-10-01
000555,321430,CRAIGSIDE,2103 NUUANU AVENUE,Honolulu,96817,Oahu,Honolulu,Kalihi/Liliha,Accepted Without Conditions,,,2026-10-01
000624,321490,CRATER VALLEY,1221 MAUNAWILI ROAD,Kailua,96744,Oahu,Honolulu,Kaneohe,Accepted Without Conditions,,,2026-10-01
001109,480104,CRATER VALLEY,1221 MAUNAWILI ROAD,Kailua,96734,Oahu,Honolulu,Kailua,Accepted Without Conditions,,2012-04-13,2026-10-01
FHA049,321743,"CRESCENT LANE, PHASE I",,Mililani,96789,Oahu,Honolulu,Mililani,Accepted Without Conditions,,,2026-10-01
FHA050,321744,"CRESCENT LANE, PHASE II",,Mililani,96789,Oahu,Honolulu,Mililani,Accepted Without Conditions,,,2026-10-01
FHA051,321745,"CRESCENT LANE, PHASE III",,Mililani,96789,Oahu,Honolulu,Mililani,Accepted Without Conditions,,,2026-10-01
002228,636778,"CRESCENT LANE, PHASES I-III",95-1140 ~ 95-1184 MAKAIKAI ST,Mililani,96789,Oahu,Honolulu,Mililani,Accepted Without Conditions,2023-10-18,2023-10-11,2026-10-01
000457,321346,CRESCENT PARK,2575 KUHIO AVE.,Honolulu,96815,Oahu,Honolulu,Waikiki,Accepted Without Conditions,,,2026-10-01
000832,321666,CREST AT WAILUNA (ALL,INCREMENTS) KAAHUMANU ST,Pearl City,96782,Oahu,Honolulu,Pearl City,Accepted Without Conditions,2000-01-01,2000-01-01,2026-10-01
000572,321445,"CROSSPOINT ""E-2""",343 MANANAI PLACE,Honolulu,96818,Oahu,Honolulu,Salt Lake/Moanalua,Accepted Without Conditions,,,2026-10-01
000325,321222,CROSSPOINTE,329 MANANAI PL,Honolulu,96818,Oahu,Honolulu,Salt Lake/Moanalua,Accepted Without Conditions,2000-01-01,2000-01-01,2026-10-01
000441,321330,"CROSSPOINTE ""A-2""",284 MANANAI PL,Honolulu,96818,Oahu,Honolulu,Salt Lake/Moanalua,Accepted Without Conditions,,,2026-10-01
000513,94615,"CROSSPOINTE ""B-2""",468 MANANAI PLACE,Honolulu,96818,Oahu,Honolulu,Salt Lake/Moanalua,Accepted Without Conditions,,,2026-10-01
000538,321416,"CROSSPOINTE ""B-3""",504 MANANAI PLACE,Honolulu,96818,Oahu,Honolulu,Salt Lake/Moanalua,Accepted Without Conditions,,,2026-10-01
000407,321298,"CROSSPOINTE ""C-1""",MANANAI PLACE,Honolulu,96701,Oahu,Honolulu,Aiea,Accepted Without Conditions,,,2026-10-01
000501,321386,"CROSSPOINTE ""C-2""",626 MANANAI PLACE,Honolulu,96818,Oahu,Honolulu,Salt Lake/Moanalua,Accepted Without Conditions,,,2026-10-01
000354,321249,"CROSSPOINTE ""D""",KAHUAPAANI ST.,Honolulu,96701,Oahu,Honolulu,Aiea,Accepted Without Conditions,,,2026-10-01
000561,321435,"CROSSPOINTE ""E-1""",393 MANANAI PLACE,Honolulu,96818,Oahu,Honolulu,Salt Lake/Moanalua,Accepted Without Conditions,,,2026-10-01
000408,321299,"CROSSPOINTE ""F-1""",MANANAI PLACE,Aiea,96701,Oahu,Honolulu,Aiea,Accepted Without Conditions,,,2026-10-01
000440,321329,"CROSSPOINTE ""F-2""",MANANAI PL,Honolulu,96818,Oahu,Honolulu,Salt Lake/Moanalua,Accepted Without Conditions,,,2026-10-01
000607,321474,"CROSSPOINTE ""G""",239 MANANAI PLACE,Halawa,96818,Oahu,Honolulu,Salt Lake/Moanalua,Accepted Without Conditions,,,2026-10-01
000353,321248,CROSSPOINTE INCREMENT B PHASE,B-1  MANANAI PL,Honolulu,96818,Oahu,Honolulu,Salt Lake/Moanalua,Accepted Without Conditions,2013-04-02,2013-04-02,2026-10-01
002209,636148,CROWN KINAU,747 KINAU STREET,Honolulu,96813,Oahu,Honolulu,Downtown/Chinatown,Accepted Without Conditions,2024-12-18,2024-12-10,2026-10-01
001769,611680,CROWN THURSTON,1069 SPENCER ST,Honolulu,96822,Oahu,Honolulu,Makiki/Manoa,Accepted Without Conditions,2019-04-12,2019-03-21,2026-10-01
000609,321476,CRYSTAL PARK,855 MAKAHIKI WAY,Honolulu,96826,Oahu,Honolulu,McCully/Moiliili,Accepted Without Conditions,,,2026-10-01
001265,531130,CUSTINO ESTATES,"45-590, 592, 592A,B,C PALEKA",Kaneohe,96744,Oahu,Honolulu,Kaneohe,Accepted With Conditions,2015-02-06,2015-02-06,2026-10-01
001198,509324,CYPRESS GARDENS,115 CYPRESS AVENUE,Wahiawa,96786,Oahu,Honolulu,Wahiawa,Accepted Without Conditions,2013-11-27,2013-11-27,2026-10-01
001334,553172,CYPRESS HALE CONDOMINIUM,"37 A,B,C,D,E CYPRESS AVE",Wahiawa,96786,Oahu,Honolulu,Wahiawa,Accepted Without Conditions,2016-05-12,2016-01-20,2026-10-01
001022,433343,CYPRESS SFRS CONDO,108 CYPRESS & 205 OLIVE,Wahiawa,96786,Oahu,Honolulu,Wahiawa,Accepted Without Conditions,2009-08-10,2009-08-10,2026-10-01
001819,618750,DALENE WAY MANOR,328A DALENE WAY,Honolulu,96821,Oahu,Honolulu,Hawaii Kai,Accepted Without Conditions,2019-09-06,2019-08-29,2026-10-01
001156,495124,DELMONTE PLACE VII,6158 & 6160 MAKANIOLU PLACE,Honolulu,96821,Oahu,Honolulu,Hawaii Kai,Accepted Without Conditions,2013-02-06,2013-02-06,2026-10-01
000912,368403,DESTINY AT KAPANOE,PHASE 1 & 2,Mililani,96789,Oahu,Honolulu,Mililani,Accepted Without Conditions,2006-11-02,2006-10-24,2026-10-01
000695,585026,DESTINY AT MILILANI (ALL,PHASES) KUAOA ST,Mililani,96789,Oahu,Honolulu,Mililani,Accepted Without Conditions,2017-07-20,2017-06-19,2026-10-01
001795,615701,DESTINY AT MILILANI MAUKA-,PHASE III  PUUANU ST,Mililani,96789,Oahu,Honolulu,Mililani,Accepted Without Conditions,2019-07-25,2019-07-01,2026-10-01
000862,321693,DESTINY I AT MILILANI MAUKA,PHASE 1 (MF 113),Mililani,96789,Oahu,Honolulu,Mililani,Accepted Without Conditions,2010-11-05,2010-11-05,2026-10-01
000954,396783,DESTINY II AT MILILANI MAUKA,(ALL PHASES) KEKAHI & PUUKOA,Mililani,96789,Oahu,Honolulu,Mililani,Accepted Without Conditions,2018-10-25,2008-06-03,2026-10-01
001173,503045,DESTINY III AT MILILANI MAUKA,"PHASE 1, MOEA ST",Mililani,96789,Oahu,Honolulu,Mililani,Accepted Without Conditions,2020-06-17,2013-06-07,2026-10-01
000985,413483,DESTINY III AT MILILANI MAUKA,PHASE III,Mililani,96789,Oahu,Honolulu,Mililani,Accepted Without Conditions,2009-01-06,2009-01-05,2026-10-01
000525,321406,DEVLAND HALE,45-077 WAIKALUA RD,Kaneohe,96744,Oahu,Honolulu,Kaneohe,Accepted With Conditions,2000-01-01,2000-01-01,2026-10-01
000851,321682,DIAMOND HEAD ALII,,Honolulu,96815,Oahu,Honolulu,Waikiki,Accepted Without Conditions,,,2026-10-01
001809,617299,DIAMOND HEAD CONDOS AT PUALEI,"CIRCLE 3030,3083,3103 PUALEI C",Honolulu,96815,Oahu,Honolulu,Waikiki,Accepted With Conditions,2019-08-13,2019-07-30,2026-10-01
000859,321690,DIAMOND HEAD GARDENS,3045 & 3055 PUALEI,Honolulu,96815,Oahu,Honolulu,Waikiki,Accepted With Conditions,2019-10-25,2019-10-17,2026-10-01
000378,321271,DIAMOND HEAD HILLSIDE,3151 MONSARRAT AVE,Honolulu,96815,Oahu,Honolulu,Waikiki,Accepted Without Conditions,,,2026-10-01
000239,321148,DIAMOND HEAD SANDS,3721 KANAINA AVE.,Honolulu,96815,Oahu,Honolulu,Waikiki,Accepted Without Conditions,,,2026-10-01
000421,321311,DIAMOND HEAD VISTA,2600 PUALANI WAY,Honolulu,96815,Oahu,Honolulu,Waikiki,Accepted Without Conditions,,,2026-10-01
000868,321699,DISCOVERY BAY,1778 ALA MOANA BLVD.,Honolulu,96815,Oahu,Honolulu,Waikiki,Accepted With Conditions,2014-10-07,2014-10-07,2026-10-01
002214,636286,DOVE COURT LANE,84-736 FARRINGTON HIGHWAY,Waianae,96792,Oahu,Honolulu,Waianae/Makaha,Accepted Without Conditions,2023-08-08,2023-08-01,2026-10-01
000510,321393,DOWSETT POINT,217 PROSPECT,Honolulu,96813,Oahu,Honolulu,Downtown/Chinatown,Accepted Without Conditions,,,2026-10-01
000349,321244,DYNASTY TOWER,1031 ALA NAPUNANI ST.,Honolulu,96818,Oahu,Honolulu,Salt Lake/Moanalua,Accepted Without Conditions,,,2026-10-01
000651,321514,EASTLAKE APARTMENTS,1077 ALA NAPUNANI STREET,Honolulu,96818,Oahu,Honolulu,Salt Lake/Moanalua,Accepted Without Conditions,,,2026-10-01
000225,321139,EDEN AT HAIKU WOODS,46-369 HAIKU RD,Kaneohe,96744,Oahu,Honolulu,Kaneohe,Accepted Without Conditions,2000-01-01,2000-01-01,2026-10-01
000402,321293,EDEN GARDENS,60 NORTH KUAKINI ST.,Honolulu,96817,Oahu,Honolulu,Kalihi/Liliha,Accepted Without Conditions,,,2026-10-01
000514,321396,EDEN GARDENS II,60 N. KAUKINI STREET,Honolulu,96817,Oahu,Honolulu,Kalihi/Liliha,Accepted Without Conditions,,,2026-10-01
001568,591087,EHUKAI HOMES,68-196 AU ST,Waialua,96791,Oahu,Honolulu,Waialua,Accepted Without Conditions,2017-10-31,2017-09-25,2026-10-01
001068,450504,EMERSON COURT,1423 EMERSON STREET,Honolulu,96813,Oahu,Honolulu,Downtown/Chinatown,Accepted Without Conditions,2010-05-06,2010-05-05,2026-10-01
001566,590810,EMERSON GARDENS,1405 EMERSON ST,Honolulu,96813,Oahu,Honolulu,Downtown/Chinatown,Accepted Without Conditions,2017-10-11,2017-09-19,2026-10-01
000798,81408,EVERGREEN TERRACE,95-270 WAIKALANI DR,Mililani,96789,Oahu,Honolulu,Mililani,Accepted Without Conditions,2000-01-01,2000-01-01,2026-10-01
001289,584327,EWA APARTMENTS,91-601 KULANA PL,Ewa Beach,96706,Oahu,Honolulu,Ewa Beach,Accepted Without Conditions,2017-07-15,2017-06-07,2026-10-01
001287,539160,EWA BEACH TOWNHOUSE,EWA BEACH,Ewa Beach,96706,Oahu,Honolulu,Ewa Beach,Accepted Without Conditions,2015-06-12,2015-06-12,2026-10-01
001991,629050,EWA BY GENTRY,91-1795 KEAUNUI DRIVE,Ewa Beach,96706,Oahu,Honolulu,Ewa Beach,Accepted Without Conditions,2022-05-02,2002-01-01,2026-10-01
001625,596952,EWA COLONY ESTATES,91-624 KILAHA ST,Ewa Beach,96706,Oahu,Honolulu,Ewa Beach,Accepted Without Conditions,2018-01-24,2018-01-12,2026-10-01
000294,321196,EWA O'HANA,91-127 EWA BEACH RD,Ewa Beach,96706,Oahu,Honolulu,Ewa Beach,Accepted Without Conditions,2000-01-01,2000-01-01,2026-10-01
001147,493170,EWA OCEANSIDE,91-069 FORT WEAVER ROAD,Ewa Beach,96706,Oahu,Honolulu,Ewa Beach,Accepted Without Conditions,2012-12-21,2012-12-21,2026-10-01
001507,583184,EWA VILLA ESTATES,FORT WEAVER RD,Ewa Beach,96706,Oahu,Honolulu,Ewa Beach,Accepted Without Conditions,2017-06-05,2017-05-18,2026-10-01
001671,604839,EWALANI VILLAGE,91-674 KILAHA ST,Ewa Beach,96706,Oahu,Honolulu,Ewa Beach,Accepted Without Conditions,2018-06-12,2018-05-22,2026-10-01
002037,630014,EXECUTIVE CENTRE,1088 BISHOP STREET,Honolulu,96813,Oahu,Honolulu,Downtown/Chinatown,Accepted Without Conditions,2024-04-16,2021-06-08,2026-10-01
FHA314,374063,EXPRESSIONS @ ROYAL KUNIA,PHASE  I,Waipahu,96797,Oahu,Honolulu,Waipahu,Accepted Without Conditions,2007-03-21,2007-03-21,2026-10-01
FHA316,374065,EXPRESSIONS @ ROYAL KUNIA,PHASE  III,Waipahu,96797,Oahu,Honolulu,Waipahu,Accepted Without Conditions,,2011-06-06,2026-10-01
002431,645360,EXPRESSIONS AT ROYAL KUNIA,94-101 POOHUKU WAY,Waipahu,96797,Oahu,Honolulu,Waipahu,Accepted Without Conditions,2026-09-25,2026-09-11,2026-10-01
FHA241,336786,EXPRESSIONS III AT ROYAL KUNIA,- PHASES I AND II  POLINA PL,Waipahu,96797,Oahu,Honolulu,Waipahu,Accepted Without Conditions,2020-03-12,2002-08-30,2026-10-01
FHA315,374064,EXPRESSIONS@ ROYAL KUNIA,PHASE  II,Waipahu,96797,Oahu,Honolulu,Waipahu,Accepted Without Conditions,2024-10-24,2024-10-18,2026-10-01
000277,321181,FAIRWAY GARDENS,,Honolulu,96818,Oahu,Honolulu,Salt Lake/Moanalua,Accepted Without Conditions,,,2026-10-01
001384,562411,FAIRWAY HINAMOE,45-607 & 45-609 HINAMOE LP,Kaneohe,96744,Oahu,Honolulu,Kaneohe,Accepted Without Conditions,2016-06-14,2016-06-09,2026-10-01
000283,321187,FAIRWAY HOUSE,2916 DATE ST,Honolulu,96816,Oahu,Honolulu,Kaimuki/Kapahulu,Accepted With Conditions,2015-03-09,2015-03-09,2026-10-01
002266,638267,FAIRWAY MAKANANI,2182 MAKANANI DR,Honolulu,96817,Oahu,Honolulu,Kalihi/Liliha,Accepted Without Conditions,2024-05-20,2024-05-10,2026-10-01
000949,392186,FAIRWAY MANOR,2465 ALA WAI BLVD 303,Honolulu,96815,Oahu,Honolulu,Waikiki,Accepted Without Conditions,2008-03-26,2008-03-24,2026-10-01
000897,351244,FAIRWAY VILLA,2345 ALA WAI BLVD,Honolulu,96815,Oahu,Honolulu,Waikiki,Accepted With Conditions,2018-04-25,2005-03-23,2026-10-01
001612,595852,FAIRWAY VILLAGE AT WAIKELE,CORNER LUMIAINA/LUMIAUAU,Waipahu,96797,Oahu,Honolulu,Waipahu,Accepted With Conditions,2018-03-12,2017-12-18,2026-10-01
001293,544872,FARRINGTON CONDOMINIUM,67-028 NALUAHI STREET,Waialua,96791,Oahu,Honolulu,Waialua,Accepted Without Conditions,2015-09-10,2015-07-29,2026-10-01
002243,637346,FARRINGTON ESTATES CPR,87-1360 FARRINGTON  HWY APT A,Waianae,96792,Oahu,Honolulu,Waianae/Makaha,Accepted Without Conditions,2024-01-24,2024-01-11,2026-10-01
000079,94251,FOSTER HEIGHTS VILLAS,4280 SALT LAKE BLVD,Honolulu,96818,Oahu,Honolulu,Salt Lake/Moanalua,Accepted Without Conditions,,,2026-10-01
000779,321617,FOSTER TOWER,2500 KALAKAUA AVE,Honolulu,96825,Oahu,Honolulu,Hawaii Kai,Accepted Without Conditions,,,2026-10-01
001247,524547,FOUNTAINS AT MAKIKI,1433 KEWALO STREET,Honolulu,96822,Oahu,Honolulu,Makiki/Manoa,Accepted Without Conditions,2014-10-01,2014-09-08,2026-10-01
000435,321325,FOUR FORTY FOUR NAHUA INC,444 NAHUA ST,Honolulu,96815,Oahu,Honolulu,Waikiki,Accepted Without Conditions,2000-01-01,2000-01-01,2026-10-01
000462,321351,FOUR PADDLE,2140 KUHIO AVENUE,Honolulu,96815,Oahu,Honolulu,Waikiki,Accepted Without Conditions,,,2026-10-01
000199,321119,FRANKLIN TOWERS,990 ALA NANALA STREET,Honolulu,96818,Oahu,Honolulu,Salt Lake/Moanalua,Accepted Without Conditions,,,2026-10-01
001455,577042,FUNKE VIEW ESTATES,44-108/110 MALULANI PL,Kaneohe,96744,Oahu,Honolulu,Kaneohe,Accepted Without Conditions,2017-02-14,2017-02-09,2026-10-01
000032,321005,GARDEN GROVES,87-1550 FARRINGTON HWY,Waianae,96792,Oahu,Honolulu,Waianae/Makaha,Accepted Without Conditions,2000-01-01,2000-01-01,2026-10-01
001688,605445,GARDEN LANAI #20 (HAWAII KAI,"LOT 20) LOTS 4A, 13 & 20 MAUNA",Honolulu,96825,Oahu,Honolulu,Hawaii Kai,Accepted Without Conditions,2019-09-06,2018-07-06,2026-10-01
000820,321654,GARDEN VIEW,,Wahiawa,96786,Oahu,Honolulu,Wahiawa,Accepted Without Conditions,,,2026-10-01
000078,321034,GARDENIA MANOR,333 AOLOA ST,Kailua,96734,Oahu,Honolulu,Kailua,Accepted Without Conditions,2000-01-01,2000-01-01,2026-10-01
001515,584430,GARDENS AT LAUNANI VALLEY (ALL,PHASES) 95-520-536 WIKAO ST,Mililani,96789,Oahu,Honolulu,Mililani,Accepted Without Conditions,2017-07-05,2017-06-09,2026-10-01
000293,321195,GATEWAY PENINSULA,205 KAWAIHAE ST.,Honolulu,96825,Oahu,Honolulu,Hawaii Kai,Accepted Without Conditions,,,2026-10-01
001708,607253,GENESIS,47-416 LULANI ST,Kaneohe,96744,Oahu,Honolulu,Kaneohe,Accepted Without Conditions,2018-10-09,2018-09-06,2026-10-01
000135,462232,GOVERNOR CLEGHORN,225 KAIULANI ST,Honolulu,96815,Oahu,Honolulu,Waikiki,Accepted With Conditions,2010-11-30,2010-11-30,2026-10-01
001308,546532,GREEN HOMES AT LUALUALEI,87-1720 FARRINGTON HIGHWAY,Waianae,96792,Oahu,Honolulu,Waianae/Makaha,Accepted Without Conditions,2015-10-05,2015-08-11,2026-10-01
001602,594191,GREEN HOMES HANALEI - A,84-804A & 84-804B HANALEI ST,Waianae,96792,Oahu,Honolulu,Waianae/Makaha,Accepted With Conditions,2017-12-04,2017-11-14,2026-10-01
001777,612612,GREEN HOMES HANALEI STREET - B,84-808C & 84-808D HANALEI ST,Waianae,96792,Oahu,Honolulu,Waianae/Makaha,Accepted With Conditions,2019-04-24,2019-04-05,2026-10-01
001698,606413,GREEN HOMES HANALEI STREET - C,84-804-A1 HANALEI ST,Waianae,96792,Oahu,Honolulu,Waianae/Makaha,Accepted With Conditions,2018-08-30,2018-08-08,2026-10-01
002373,642890,GREEN STREET ESTATES,1058 GREEN STREET,Honolulu,96822,Oahu,Honolulu,Makiki/Manoa,Accepted Without Conditions,2025-12-23,2025-12-01,2026-10-01
001635,598414,GREENS AT WAIKELE,LUMIAINA & LUMIAUAU ST,Waipahu,96797,Oahu,Honolulu,Waipahu,Accepted Without Conditions,2018-03-12,2018-02-06,2026-10-01
000207,321125,GREENVIEW,1160 ALA NAPUNANI,Honolulu,96818,Oahu,Honolulu,Salt Lake/Moanalua,Accepted Without Conditions,2000-01-01,2000-01-01,2026-10-01
000121,94275,GREENVIEW-WAIKALANI WDLND,BLDG 'A & B',Mililani,96789,Oahu,Honolulu,Mililani,Accepted Without Conditions,,,2026-10-01
000168,321092,GREENWOOD,1128 ALA NAPUNANI ST,Honolulu,96818,Oahu,Honolulu,Salt Lake/Moanalua,Accepted Without Conditions,2000-01-01,2000-01-01,2026-10-01
000490,321376,H 3 PR CONDO,KALOKOHANAHOE,Kaneohe,96744,Oahu,Honolulu,Kaneohe,Accepted Without Conditions,,,2026-10-01
001807,617129,HAIKU ESTATES,46-312 HAIKU RD,Kaneohe,96744,Oahu,Honolulu,Kaneohe,Accepted Without Conditions,2019-08-21,2019-07-25,2026-10-01
000084,321038,HAIKU GARDENS,46-318 HAIKU RD,Kaneohe,96744,Oahu,Honolulu,Kaneohe,Accepted Without Conditions,2017-08-22,2014-07-23,2026-10-01
000100,94260,HAIKU HALE,46-283 KAHUHIPA ST,Kaneohe,96744,Oahu,Honolulu,Kaneohe,Accepted Without Conditions,,,2026-10-01
000620,321486,HAIKU POINT I,46-1045 EMEPELA WAY,Kaneohe,96744,Oahu,Honolulu,Kaneohe,Accepted Without Conditions,,,2026-10-01
000543,321421,HAIKU POINT II,46-1045 EMEPELA WAY,Kaneohe,96744,Oahu,Honolulu,Kaneohe,Accepted Without Conditions,,,2026-10-01
000589,321459,HAIKU POINT III,46-1045 EMEPELA PLACE,Haneohe,96744,Oahu,Honolulu,Kaneohe,Accepted Without Conditions,,,2026-10-01
000614,321480,HAIKU POINT IV,46-1045 EMEPELA WAY,Kaneohe,96744,Oahu,Honolulu,Kaneohe,Accepted Without Conditions,,,2026-10-01
000621,321487,HAIKU POINT V,46-1045 EMEPELA WAY,Kaneohe,96744,Oahu,Honolulu,Kaneohe,Accepted Without Conditions,,,2026-10-01
000630,321496,HAIKU POINT VI,46-1045 EMEPELA WAY,Kaneohe,96744,Oahu,Honolulu,Kaneohe,Accepted Without Conditions,,,2026-10-01
001368,559592,HALAWA VIEW ESTATES,99-1106/1110 HALAWA HGTS,Aiea,96701,Oahu,Honolulu,Aiea,Accepted Without Conditions,2016-05-17,2016-04-27,2026-10-01
000764,321603,HALE AKUA ESTATES,84-716 FARRINGTON HWY,Makaha,96792,Oahu,Honolulu,Waianae/Makaha,Accepted Without Conditions,1992-10-22,1992-09-30,2026-10-01
000026,321000,HALE ANAOLE APARTMENTS,46-255 & 46-259 KAHUHIPA,Kaneohe,96744,Oahu,Honolulu,Kaneohe,Accepted Without Conditions,2000-01-01,2000-01-01,2026-10-01
000642,474843,HALE HANA,3410 LEAHI AVE,Honolulu,96815,Oahu,Honolulu,Waikiki,Accepted Without Conditions,2011-11-21,2011-11-21,2026-10-01
000976,408943,HALE HAONA,,Waialua,96712,Oahu,Honolulu,Haleiwa/North Shore,Accepted Without Conditions,2008-11-04,2008-09-15,2026-10-01
001883,626046,HALE HOALOHA,2122 LIME ST,Honolulu,96826,Oahu,Honolulu,McCully/Moiliili,Accepted Without Conditions,2020-06-22,2020-04-29,2026-10-01
001617,596312,HALE IHIIHI,1249-A & 1249-B IHIIHI PL,Wahiawa,96786,Oahu,Honolulu,Wahiawa,Accepted With Conditions,2018-01-25,2017-12-29,2026-10-01
001674,604938,HALE ILIMA,211 KILANI AVE,Wahiawa,96786,Oahu,Honolulu,Wahiawa,Accepted With Conditions,2018-08-30,2018-05-30,2026-10-01
000585,321455,HALE KAHEKA,930 KAHEKA STREET,Honolulu,96814,Oahu,Honolulu,Kakaako/Ala Moana,Accepted Without Conditions,,,2026-10-01
000394,321285,HALE KAIMUKI,1259 CENTER ST.,Honolulu,96816,Oahu,Honolulu,Kaimuki/Kapahulu,Accepted Without Conditions,,,2026-10-01
000023,80715,HALE KALOAPAU,,Mililani,96789,Oahu,Honolulu,Mililani,Accepted Without Conditions,,,2026-10-01
001763,611607,HALE KULANUI,2740 KUILEI ST,Honolulu,96826,Oahu,Honolulu,McCully/Moiliili,Accepted With Conditions,2019-05-23,2019-03-14,2026-10-01
001385,562451,HALE KULEA,53-852 KAMEHAMEHA HWY,Hauula,96717,Oahu,Honolulu,Hauula,Accepted Without Conditions,2016-06-14,2016-06-10,2026-10-01
002246,637484,HALE LAHAINA,84-1064 LAHAINA ST,Waianae,96792,Oahu,Honolulu,Waianae/Makaha,Accepted Without Conditions,2024-02-08,2024-02-01,2026-10-01
000201,321121,HALE LUANA,1215 ALEXANDER STREET,Honolulu,96826,Oahu,Honolulu,McCully/Moiliili,Accepted Without Conditions,,,2026-10-01
001030,440623,HALE LUMI,LUMIPOLU ST,Waipahu,96797,Oahu,Honolulu,Waipahu,Accepted Without Conditions,2009-10-28,2009-10-28,2026-10-01
000593,321462,HALE MAHIAI,2015 WILDER AVE,Honolulu,96822,Oahu,Honolulu,Makiki/Manoa,Accepted Without Conditions,,,2026-10-01
001717,607864,HALE MAKALEI,711 & 715 WAILEPO PL,Kailua,96734,Oahu,Honolulu,Kailua,Accepted Without Conditions,2018-10-29,2018-10-11,2026-10-01
002397,643935,HALE MAKANI KAI,431 KAWAIHAE ST,Honolulu,96825,Oahu,Honolulu,Hawaii Kai,Accepted Without Conditions,2026-05-06,2026-04-08,2026-10-01
001690,605496,HALE MANOA,3081 A-I PATY DR,Honolulu,96822,Oahu,Honolulu,Makiki/Manoa,Accepted Without Conditions,2024-09-16,2018-07-10,2026-10-01
001699,606451,HALE MOANI INC,2115 ALA WAI BLVD,Honolulu,96815,Oahu,Honolulu,Waikiki,Accepted Without Conditions,2018-08-30,2018-08-09,2026-10-01
001569,591389,HALE NA'AUAO OKA AINA EA,47-377B KAMEHAMEHA HWY,Kaneohe,96744,Oahu,Honolulu,Kaneohe,Accepted Without Conditions,2017-10-19,2017-09-15,2026-10-01
000826,321660,HALE NANEA,,Waialua,96791,Oahu,Honolulu,Waialua,Accepted Without Conditions,,,2026-10-01
000416,321306,HALE NOA CONDO,2823 BOOTH ROAD,Honolulu,96813,Oahu,Honolulu,Downtown/Chinatown,Accepted Without Conditions,,,2026-10-01
001176,503764,HALE O NAI'A,320 AINAKEA WAY,Honolulu,96815,Oahu,Honolulu,Waikiki,Accepted Without Conditions,2013-07-29,2013-05-24,2026-10-01
000208,321126,HALE O PUMEHANA,757 KINALAU PL,Honolulu,96813,Oahu,Honolulu,Downtown/Chinatown,Accepted Without Conditions,2000-01-01,2000-01-01,2026-10-01
002110,632390,HALE O'KALANI TOWERS,1702 KEWALO STREET,Honolulu,96822,Oahu,Honolulu,Makiki/Manoa,Accepted Without Conditions,2022-04-06,2022-03-09,2026-10-01
001616,596212,HALE OLA,1315 KAPAIPAI ST,Pearl City,96782,Oahu,Honolulu,Pearl City,Accepted With Conditions,2019-04-19,2017-12-28,2026-10-01
000175,321098,HALE POKI,1720 POKI STREET,Honolulu,96822,Oahu,Honolulu,Makiki/Manoa,Accepted Without Conditions,,,2026-10-01
000200,321120,HALE PUA LEI,3111 PUALEI CIRCLE,Honolulu,96815,Oahu,Honolulu,Waikiki,Accepted Without Conditions,,,2026-10-01
001985,628859,HALE UMI,715 & 719 UMI ST,Honolulu,96819,Oahu,Honolulu,Kalihi/Liliha,Accepted Without Conditions,2021-02-19,2021-02-11,2026-10-01
001393,564712,HALEIWA COUNTRY ESTATES II,66-162 & 66-164 WAIALUA BEACH,Haleiwa,96712,Oahu,Honolulu,Haleiwa/North Shore,Accepted Without Conditions,2016-07-21,2016-07-19,2026-10-01
001325,549851,HALEIWA COUNTRY ESTATES IV,66-146 & 66-148 WAIALUA BEACH,Haleiwa,96712,Oahu,Honolulu,Haleiwa/North Shore,Accepted Without Conditions,2016-05-12,2015-11-30,2026-10-01
001483,580400,HALEIWA COUNTRY ESTATES V,66-140 & 66-142 WAIALUA BEACH,Haleiwa,96712,Oahu,Honolulu,Haleiwa/North Shore,Accepted Without Conditions,2017-05-15,2017-03-31,2026-10-01
001392,564671,HALEIWA COUNTY ESTATES I,66-166 & 66-168 WAIALUA BEACH,Haleiwa,96712,Oahu,Honolulu,Haleiwa/North Shore,Accepted Without Conditions,2016-07-20,2016-07-15,2026-10-01
000362,321257,HALEIWA HALE,66-667 HALEIWA RD,Haleiwa,96712,Oahu,Honolulu,Haleiwa/North Shore,Accepted Without Conditions,2018-08-15,2018-07-26,2026-10-01
000768,321606,HALEIWA HALE II,66-148 WALIKANAHELE RD,Waialua,96791,Oahu,Honolulu,Waialua,Accepted Without Conditions,,,2026-10-01
002002,629462,HALEIWA OCEAN VIEW ESTATES,66-496 PAALAA RD,Haleiwa,96712,Oahu,Honolulu,Haleiwa/North Shore,Accepted Without Conditions,2021-04-21,2021-04-09,2026-10-01
000264,321170,HALEIWA SURF,66303 HALEIWA ROAD,Wailua,96791,Oahu,Honolulu,Waialua,Accepted Without Conditions,,,2026-10-01
001241,521609,HALEKAUWILA,45-528 PAHIA ROAD,Kaneohe,96744,Oahu,Honolulu,Kaneohe,Accepted Without Conditions,2014-08-11,2014-07-25,2026-10-01
002061,630893,HALEKOU HALE,45-496 MAILIO PLACE,Kaneohe,96744,Oahu,Honolulu,Kaneohe,Accepted Without Conditions,2021-09-14,2021-09-10,2026-10-01
001456,577099,HALELOA,100 HALELOA PL,Honolulu,96821,Oahu,Honolulu,Hawaii Kai,Accepted Without Conditions,2017-03-20,2017-02-08,2026-10-01
000046,321011,HALELOA  II,,Honolulu,96821,Oahu,Honolulu,Hawaii Kai,Accepted Without Conditions,,,2026-10-01
001518,584607,HALOA AT HO'OPILI,KEAHUMOA PKWY & MAUNAKAPU ST,Kapolei,96707,Oahu,Honolulu,Kapolei,Accepted With Conditions,2017-07-13,2017-05-26,2026-10-01
000835,94895,HAMPTON COURT I & II,,Mililani,96789,Oahu,Honolulu,Mililani,Accepted Without Conditions,,,2026-10-01
001258,528313,HANA ESTATES,84-1026 HANA STREET,Waianae,96792,Oahu,Honolulu,Waianae/Makaha,Accepted With Conditions,2014-12-15,2014-12-12,2026-10-01
001675,605032,HANA PLANTATIONS,84-1130 HANA ST,Waianae,96792,Oahu,Honolulu,Waianae/Makaha,Accepted With Conditions,2018-06-19,2018-06-06,2026-10-01
001679,605125,HANA RESIDENCES,84-1132 HANA ST,Waianae,96792,Oahu,Honolulu,Waianae/Makaha,Accepted With Conditions,2018-06-19,2018-06-12,2026-10-01
002028,629894,HANA VILLA,84-929 HANA ST,Waianae,96792,Oahu,Honolulu,Waianae/Makaha,Accepted Without Conditions,2021-05-26,2021-05-24,2026-10-01
001520,584866,HANALEI PLACE,84-713 A&B HANALEI PL,Waianae,96792,Oahu,Honolulu,Waianae/Makaha,Accepted With Conditions,2021-01-20,2017-06-14,2026-10-01
002190,635500,HANOHANO HALE,53-549 KAMEHAMEHA HWY,Hauula,96717,Oahu,Honolulu,Hauula,Accepted Without Conditions,2023-04-25,2023-04-14,2026-10-01
001414,569774,HARBOR COURT,66 QUEEN ST,Honolulu,96813,Oahu,Honolulu,Downtown/Chinatown,Accepted Without Conditions,2016-10-17,2016-10-04,2026-10-01
000255,321162,HARBOR POINTE,"98-941, 943, 945 MOANALUA RD",Aiea,96701,Oahu,Honolulu,Aiea,Accepted Without Conditions,2000-01-01,2000-01-01,2026-10-01
000916,370643,HARBOR SQUARE,700 RICHARDS ST,Honolulu,96813,Oahu,Honolulu,Downtown/Chinatown,Accepted Without Conditions,2007-01-16,2006-12-11,2026-10-01
002232,637175,HARBOR TERRACE 1,98-622 HOLOPUNI ST.,Aiea,96701,Oahu,Honolulu,Aiea,Accepted Without Conditions,2023-12-14,2023-12-14,2026-10-01
001734,609892,HARBOR TERRACE II,KAALO ST,Aiea,96701,Oahu,Honolulu,Aiea,Accepted Without Conditions,2019-01-07,2018-12-17,2026-10-01
002071,631052,HARBOR TERRACE IV,98-525 KIPAEPAE STREET,Aiea,96701,Oahu,Honolulu,Aiea,Accepted Without Conditions,2021-10-25,2021-09-30,2026-10-01
000307,321206,HARBOR VIEW PLAZA,1676 ALA MOANA BLVD.,Honolulu,96815,Oahu,Honolulu,Waikiki,Accepted Without Conditions,,,2026-10-01
000769,321607,HARBOR VISTA APTS,98-114 LIPOA PLACE,Aiea,96701,Oahu,Honolulu,Aiea,Accepted Without Conditions,,,2026-10-01
000069,321028,HARBOUR RIDGE,3045 ALA NAPUAA PL,Honolulu,96818,Oahu,Honolulu,Salt Lake/Moanalua,Accepted Without Conditions,2000-01-01,2000-01-01,2026-10-01
000028,321002,HASSINGER GARDENS,,Honolulu,96822,Oahu,Honolulu,Makiki/Manoa,Accepted Without Conditions,,,2026-10-01
001521,584906,HAUOLA HALE,"164, 164A, 170, 170A HAUOLA AV",Wahiawa,96786,Oahu,Honolulu,Wahiawa,Accepted With Conditions,2017-07-15,2017-06-16,2026-10-01
001426,571293,HAUULA BEACH HOMES,53-904 KAMEHAMEHA HWY,Hauula,96717,Oahu,Honolulu,Hauula,Accepted Without Conditions,2018-10-28,2016-11-02,2026-10-01
001391,564392,HAUULA HIDEAWAY,54-055 WAIKULAMA ST,Hauula,96717,Oahu,Honolulu,Hauula,Accepted Without Conditions,2016-08-02,2016-06-24,2026-10-01
001206,510244,HAVENS OF 'I'I VISTAS II,(ALL PHASES) KOOLANI DRIVE,Mililani,96789,Oahu,Honolulu,Mililani,Accepted Without Conditions,2013-12-18,2013-12-18,2026-10-01
002396,643766,HAVENS OF I'I VISTAS,95-1031 KOOLANI DR,Miliani,96789,Oahu,Honolulu,Mililani,Accepted Without Conditions,2026-04-01,2027-03-25,2026-10-01
002143,633341,HAWAII KAI CONDO PROJECT,"485 KAWAIHAE STREET, #F",Honolulu,96825,Oahu,Honolulu,Hawaii Kai,Accepted Without Conditions,2022-06-30,2022-06-25,2026-10-01
000626,321492,HAWAIIAN PRINCESS,@ MAKAHA BEACH,Makaha,96792,Oahu,Honolulu,Waianae/Makaha,Accepted Without Conditions,,,2026-10-01
001714,607770,HAWAIIAN VIEWS,1384 & 1384A AUPUPU ST,Kailua,96734,Oahu,Honolulu,Kailua,Accepted Without Conditions,2018-10-26,2018-10-05,2026-10-01
001196,509106,HAWAIIANA GARDENS,1819 & 1821 LIPEEPEE ST,Honolulu,96815,Oahu,Honolulu,Waikiki,Accepted Without Conditions,2013-11-21,2013-11-21,2026-10-01
001032,440887,HAWAIKI TOWER,88 PIIKOI STREET,Honolulu,96814,Oahu,Honolulu,Kakaako/Ala Moana,Accepted Without Conditions,,2009-11-04,2026-10-01
002218,636451,HEALANI GARDENS,44-98 IKEANANI DRIVE,Kaneohe,96744,Oahu,Honolulu,Kaneohe,Accepted Without Conditions,2024-07-09,2023-08-22,2026-10-01
000463,321352,HEALANI HALE,1252 KINAU STREET,Honolulu,96814,Oahu,Honolulu,Kakaako/Ala Moana,Accepted Without Conditions,,,2026-10-01
000302,321202,HEALANI TERRACE,,Kaneohe,96744,Oahu,Honolulu,Kaneohe,Accepted Without Conditions,,,2026-10-01
001696,605872,HEIGHTS AT WAILUNA,98-1810 - 1870 KAAHUMANU,Pearl City,96782,Oahu,Honolulu,Pearl City,Accepted Without Conditions,2018-09-30,2018-07-25,2026-10-01
001678,605106,HEIGHTS AT WAILUNA INCREMENT 2,98-1810 - 1870 KAAHUMANU,Pearl City,96782,Oahu,Honolulu,Pearl City,Accepted Without Conditions,2018-06-28,2018-06-12,2026-10-01
000218,466823,HENRY COURT,2839 HENRY STREET,Honolulu,96817,Oahu,Honolulu,Kalihi/Liliha,Accepted With Conditions,,2011-05-11,2026-10-01
000422,321312,HERITAGE HOUSE,6710 HAWAII KAI DR.,Honolulu,96825,Oahu,Honolulu,Hawaii Kai,Accepted Without Conditions,,,2026-10-01
000346,94463,HIDDEN VALLEY ESTATES,2069 CALIFORNIA AVE,Wahiawa,96786,Oahu,Honolulu,Wahiawa,Accepted Without Conditions,2010-03-31,2010-03-31,2026-10-01
001597,593894,HIGHLANDS AT WAIKELE,PAIWA ST,Waipahu,96797,Oahu,Honolulu,Waipahu,Accepted Without Conditions,2017-12-04,2017-11-09,2026-10-01
001632,598196,HIKINO (ALL PHASES),PA'AONO & PA'AWALU ST,Waipahu,96797,Oahu,Honolulu,Waipahu,Accepted Without Conditions,2018-02-21,2018-02-02,2026-10-01
001743,610090,HILIHUA HALE,94-317/94-319/94-321 HILIHUA W,Waipahu,96797,Oahu,Honolulu,Waipahu,Accepted With Conditions,2019-02-12,2019-01-11,2026-10-01
FHA069,321758,HILLSDALE PH I,,Mililani,96789,Oahu,Honolulu,Mililani,Accepted Without Conditions,,,2026-10-01
FHA070,321759,HILLSDALE PH II,,Mililani,96789,Oahu,Honolulu,Mililani,Accepted Without Conditions,,,2026-10-01
FHA071,321760,HILLSDALE PH III,,Mililani,96789,Oahu,Honolulu,Mililani,Accepted Without Conditions,,,2026-10-01
FHA072,321761,HILLSDALE PH IV,,Miliani,96789,Oahu,Honolulu,Mililani,Accepted Without Conditions,,,2026-10-01
001653,601115,HILLSIDE TERRACE,98-1061 KOMO MAI DR,Aiea,96701,Oahu,Honolulu,Aiea,Accepted Without Conditions,2018-06-13,2018-03-26,2026-10-01
001766,611653,HILLSIDE TERRACE II,98-1060-68 KOMO MAI DR,Aiea,96701,Oahu,Honolulu,Aiea,Accepted Without Conditions,2019-04-08,2019-03-19,2026-10-01
001711,608348,HILLSIDE TERRACE III,98-1451 KAAHUMANU ST,Aiea,96701,Oahu,Honolulu,Aiea,Accepted Without Conditions,2018-11-28,2018-11-01,2026-10-01
001685,605395,HILLSIDE TERRACE IV,98-1365 KAAHUMANU ST,Aiea,96701,Oahu,Honolulu,Aiea,Accepted Without Conditions,2018-07-24,2018-07-02,2026-10-01
000191,321112,HILLSIDE VILLA,3003 ALA NAPUAA PLACE,Honolulu,96818,Oahu,Honolulu,Salt Lake/Moanalua,Accepted Without Conditions,,,2026-10-01
001969,628597,HINAHINA AT HO'OPILI,91-3475 NANA HOPE ST,Ewa Beach,96706,Oahu,Honolulu,Ewa Beach,Accepted With Conditions,2021-01-13,2021-01-11,2026-10-01
FHA332,394603,HO'ALOHA IKE  PHASE I,,Mililani,96789,Oahu,Honolulu,Mililani,Accepted Without Conditions,2008-05-09,2008-05-06,2026-10-01
FHA195,321859,HO'ALOHA IKE II - PH III,,Mililani,96789,Oahu,Honolulu,Mililani,Accepted Without Conditions,1999-10-06,1999-10-04,2026-10-01
FHA294,355246,HO'ALOHA IKE II - PH1,,Mililani,96789,Oahu,Honolulu,Mililani,Accepted Without Conditions,2005-09-27,2005-09-27,2026-10-01
000581,592148,HO'OKUMU AT WAIKELE,94-201 PAIOA PL,Waipahu,96797,Oahu,Honolulu,Waipahu,Accepted Without Conditions,2017-11-13,2017-10-10,2026-10-01
000924,375183,HO'OLU LANDING AT MAKAKILO,PALAHIA STREET,Kapolei,96707,Oahu,Honolulu,Kapolei,Accepted Without Conditions,2007-04-26,2007-04-12,2026-10-01
000740,321583,HO'OMAKA VILLAGE,94-870 LUMIAUAU ST,Waipahu,96797,Oahu,Honolulu,Waipahu,Accepted Without Conditions,2022-09-07,2022-08-19,2026-10-01
001806,617126,HO'OMALU AT WAIKELE,94-970 LUMIAUAU ST,Waipahu,96797,Oahu,Honolulu,Waipahu,Accepted Without Conditions,2019-08-13,2019-07-25,2026-10-01
001242,521786,HO'ONANI I,91-1259 A & B KILIPUE ST,Ewa Beach,96706,Oahu,Honolulu,Ewa Beach,Accepted Without Conditions,2018-08-15,2014-08-07,2026-10-01
001179,525849,HO'ONANI I - PHASE II,91-1303-A KILIPUE ST,Ewa Beach,96706,Oahu,Honolulu,Ewa Beach,Accepted With Conditions,2018-08-15,2014-10-08,2026-10-01
001238,521606,HO'ONANI II,91-1249-A & B LILIPUE STREET,Ewa Beach,96706,Oahu,Honolulu,Ewa Beach,Accepted With Conditions,2018-08-15,2014-07-31,2026-10-01
001239,521607,HO'ONANI III,91-1248A & B KILIPUE STREET,Ewa Beach,96706,Oahu,Honolulu,Ewa Beach,Accepted With Conditions,2018-08-15,2014-07-31,2026-10-01
001252,527449,HO`ONANI V,91-1351-A & 91-1351-B KILIPUE,Ewa Beach,96706,Oahu,Honolulu,Ewa Beach,Accepted With Conditions,2018-08-15,2014-11-04,2026-10-01
001137,490125,HOALOHA IKE - PHASE II,95-203 - 95-236 HALEKUA,Mililani Town,96789,Oahu,Honolulu,Mililani,Accepted Without Conditions,2017-11-14,2012-10-29,2026-10-01
001738,609988,HOALOHA IKE II - PHASE III,95-1000 HOAHUI ST,Mililani Town,96789,Oahu,Honolulu,Mililani,Accepted Without Conditions,2019-01-16,2018-12-28,2026-10-01
002126,632759,HOKU HALE,205 MALUNIU AVENUE,Kailua,96734,Oahu,Honolulu,Kailua,Accepted Without Conditions,2022-05-02,2018-11-07,2026-10-01
000056,321019,HOKUAHI APTS,,Mililani,96789,Oahu,Honolulu,Mililani,Accepted Without Conditions,,,2026-10-01
000034,321007,HOKUALA HALE,94-143 KUAHELANI AVE,Mililani,96789,Oahu,Honolulu,Mililani,Accepted Without Conditions,2000-01-01,2000-01-01,2026-10-01
002124,632748,HOKUALII HALE,94-531 ANANIA COURT,Mililani,96789,Oahu,Honolulu,Mililani,Accepted Without Conditions,2022-04-21,2019-04-19,2026-10-01
000647,321510,HOKULANI APARTMENTS,1120 HASSINGER STREET,Honolulu,96822,Oahu,Honolulu,Makiki/Manoa,Accepted Without Conditions,,,2026-10-01
000641,321505,HOKULANI IN KAILUA,355 AOLOA ST,Kailua,96734,Oahu,Honolulu,Kailua,Accepted Without Conditions,2000-01-01,2000-01-01,2026-10-01
000671,321527,HOKULANI IN KAILUA II,"355 E,F,G AOLOA STREET",Kailua,96734,Oahu,Honolulu,Kailua,Accepted Without Conditions,,,2026-10-01
000726,321572,HOKULANI IN KAILUA III&IV,355 AOLOA STREET,Kailua,96734,Oahu,Honolulu,Kailua,Accepted Without Conditions,,,2026-10-01
000036,80726,HOKULOA,47-269A HUI IWA ST,Kaneohe,96744,Oahu,Honolulu,Kaneohe,Accepted With Conditions,2017-10-06,2014-04-03,2026-10-01
002188,635473,HOKULOA INCREMENT A,47-249 C HUI IWA STREET,Kaneohe,96744,Oahu,Honolulu,Kaneohe,Accepted Without Conditions,2023-04-24,2023-04-10,2026-10-01
000157,321084,HOKULOA INCREMENT C,47-269A HUI IWA ST,Kaneohe,96744,Oahu,Honolulu,Kaneohe,Accepted With Conditions,2018-07-30,2014-04-03,2026-10-01
000098,321045,HOLANIKU HALE,KUAHELANI AVE,Mililani,96789,Oahu,Honolulu,Mililani,Accepted With Conditions,2015-03-26,2015-03-26,2026-10-01
002324,640189,HOLIDAY APARTMENTS,775 MCNEILL ST,Honolulu,96817,Oahu,Honolulu,Kalihi/Liliha,Accepted Without Conditions,2025-01-15,2025-01-10,2026-10-01
001742,610004,HOLIDAY LAKEVIEW,949 ALA NANALA ST,Honolulu,96818,Oahu,Honolulu,Salt Lake/Moanalua,Accepted Without Conditions,2019-01-30,2019-01-02,2026-10-01
000535,321413,HOLIDAY PARKWAY,910 KAPAHULU AVENUE,Honolulu,96816,Oahu,Honolulu,Kaimuki/Kapahulu,Accepted Without Conditions,2024-02-01,2024-01-26,2026-10-01
002008,629576,HOLIDAY TERRACE,1655 KANUNU STREET,Honolulu,96814,Oahu,Honolulu,Kakaako/Ala Moana,Accepted Without Conditions,2021-05-04,2021-04-21,2026-10-01
001823,619283,HOLIDAY VILLAGE,750 AMANA ST,Honolulu,96814,Oahu,Honolulu,Kakaako/Ala Moana,Accepted Without Conditions,2019-10-16,2019-09-27,2026-10-01
000899,358301,HOLOMOANA AT SEA COUNTRY,PAKEKE ST,Waianae,96792,Oahu,Honolulu,Waianae/Makaha,Accepted Without Conditions,2006-03-14,2006-03-13,2026-10-01
001619,596332,HOLOMUA,1315 KALAKAUA AVE,Honolulu,96826,Oahu,Honolulu,McCully/Moiliili,Accepted Without Conditions,2018-01-23,2017-12-30,2026-10-01
001666,603900,HONO HALE TOWERS,2637 KUILEI ST,Honolulu,96826,Oahu,Honolulu,McCully/Moiliili,Accepted Without Conditions,2018-05-30,2018-05-08,2026-10-01
001016,428743,HONOLULU PARK PLACE,1212 NUUANU AVENUE,Honolulu,96817,Oahu,Honolulu,Kalihi/Liliha,Accepted Without Conditions,2009-06-29,2009-06-23,2026-10-01
000355,321250,HONOLULU TOWER,60 N BERETANIA ST,Honolulu,96817,Oahu,Honolulu,Kalihi/Liliha,Accepted With Conditions,2015-01-27,2015-01-27,2026-10-01
FHA075,321764,HONUAKAHA,,Honolulu,96813,Oahu,Honolulu,Downtown/Chinatown,Accepted Without Conditions,,,2026-10-01
000802,321636,HONUAKAHA,545 S. QUEEN STREET,Honolulu,96814,Oahu,Honolulu,Kakaako/Ala Moana,Accepted Without Conditions,,,2026-10-01
001751,610203,HOOIA PEARL,1694 & 1694A HOOIA ST,Pearl City,96782,Oahu,Honolulu,Pearl City,Accepted With Conditions,2019-02-06,2019-01-23,2026-10-01
001859,625268,HOOKILI PLACE CONDOMINIUM,LOT 9012B HOOKILI PL,Kapolei,96707,Oahu,Honolulu,Kapolei,Accepted Without Conditions,2020-02-19,2020-02-12,2026-10-01
001087,455984,HOOMAIKAI VILLAGE,AT MAILIBEACH,Waianae,96792,Oahu,Honolulu,Waianae/Makaha,Accepted Without Conditions,,2010-09-09,2026-10-01
001251,527448,HOONANI IV,91-1289- A & B KILIPUE STREET,Ewa Beach,96706,Oahu,Honolulu,Ewa Beach,Accepted With Conditions,2018-08-15,2014-11-04,2026-10-01
000192,321113,HORIZON VIEW TOWER,3130 ALA ILIMA STREET,Honolulu,96818,Oahu,Honolulu,Salt Lake/Moanalua,Accepted Without Conditions,,,2026-10-01
000919,371443,HU'ELANI (ALL PHASES),91-219 LUKINI PL,Ewa Beach,96706,Oahu,Honolulu,Ewa Beach,Accepted Without Conditions,2007-01-12,2007-01-10,2026-10-01
000332,321229,HUALI VISTA,212 HUALI ST.,Honolulu,96813,Oahu,Honolulu,Downtown/Chinatown,Accepted Without Conditions,,,2026-10-01
001248,524887,HUALUKINI PLACE,45-624 HUALUKINI PLACE,Kaneohe,96744,Oahu,Honolulu,Kaneohe,Accepted Without Conditions,2014-10-07,2014-09-29,2026-10-01
FHA083,321772,IHONA,,Waipahu,96797,Oahu,Honolulu,Waipahu,Accepted Without Conditions,,2011-06-06,2026-10-01
000568,321442,ILANIWAI,975 ALA LILIKOI STREET,Honolulu,96818,Oahu,Honolulu,Salt Lake/Moanalua,Accepted Without Conditions,,,2026-10-01
002211,636166,ILIKAI MARINA APARTMENT BLDG,"1765 ALA MOANA BOULEVARD, #284",Honolulu,96815,Oahu,Honolulu,Waikiki,Accepted Without Conditions,2023-07-17,2023-07-13,2026-10-01
002239,637216,ILILANI,615 KEAWE ST,Honolulu,96813,Oahu,Honolulu,Downtown/Chinatown,Accepted Without Conditions,2024-02-06,2023-12-20,2026-10-01
001779,613356,ILIMA GARDENS,3052 ILIMA ST,Honolulu,96818,Oahu,Honolulu,Salt Lake/Moanalua,Accepted Without Conditions,2019-05-22,2019-05-03,2026-10-01
000246,196474,ILIMA WEST APTS,3121 ALA ILIMA STREET,Honolulu,96819,Oahu,Honolulu,Kalihi/Liliha,Accepted Without Conditions,,,2026-10-01
001111,480344,IMPERIAL PLAZA,725 KAPIOLANI BLVD,Honolulu,96813,Oahu,Honolulu,Downtown/Chinatown,Accepted Without Conditions,2012-04-18,2012-04-18,2026-10-01
000306,321205,IOLANI COURT PLAZA,2499 KAPIOLANI BLVD.,Honolulu,96826,Oahu,Honolulu,McCully/Moiliili,Accepted Without Conditions,,,2026-10-01
000982,412303,IOLANI REGENT,,Honolulu,96826,Oahu,Honolulu,McCully/Moiliili,Accepted Without Conditions,2008-12-18,2008-12-18,2026-10-01
000944,385923,ISLAND CLASSICS @ KAPANOE,"PHASES I, II, III",Mililani,96789,Oahu,Honolulu,Mililani,Accepted Without Conditions,2007-12-18,2007-12-12,2026-10-01
001017,428863,ISLAND CLASSICS II,AT MILILANI MAUKA PH 2,Mililani,96789,Oahu,Honolulu,Mililani,Accepted Without Conditions,2009-06-29,2009-06-22,2026-10-01
002132,633007,ISLAND CLASSICS II @ MILILANI,95-1042 MOOHELE ST,Mililani,96789,Oahu,Honolulu,Mililani,Accepted Without Conditions,2022-05-23,2022-05-17,2026-10-01
001379,561651,ISLAND COURTYARDS AT MILILANI,UKUWAI ST,Mililani,96789,Oahu,Honolulu,Mililani,Accepted Without Conditions,2016-06-02,2016-05-26,2026-10-01
001042,445103,JADE GARDEN CONDOMINIUM,653 & 655 KAIEMI ST.,Kailua,96734,Oahu,Honolulu,Kailua,Accepted Without Conditions,,2010-01-08,2026-10-01
001499,581764,K-BAY,45-906B ANOI RD,Honolulu,96744,Oahu,Honolulu,Kaneohe,Accepted Without Conditions,2017-10-25,2017-04-28,2026-10-01
001684,605310,KA HALE MOI,666/670 PROSPECT ST,Honolulu,96813,Oahu,Honolulu,Downtown/Chinatown,Accepted Without Conditions,2018-07-24,2018-06-27,2026-10-01
001273,535593,KA MALANAI AT KAILUA,437/445/455/471/497/501 KAILUA,Kailua,96734,Oahu,Honolulu,Kailua,Accepted With Conditions,2020-12-10,2015-04-15,2026-10-01
001493,581064,KA MALANAI AT KAILUA PHASE 2,361 & 409 KAILUA RD,Kailua,96734,Oahu,Honolulu,Kailua,Accepted With Conditions,2020-12-10,2017-04-10,2026-10-01
001298,545072,KA MOMI NANI HEIGHTS,2156A AUMAKUS ST,Pearl City,96782,Oahu,Honolulu,Pearl City,Accepted Without Conditions,2015-09-10,2015-07-13,2026-10-01
001817,618379,KA PALENA PALI KU,51-049 & 51-051 HUAMALANI ST,Kaaawa,96744,Oahu,Honolulu,Kaneohe,Accepted Without Conditions,2019-08-30,2019-08-13,2026-10-01
000655,474844,KA'AINA'OLU SWEETLAND,66-386 HALEIWA ROAD,Haleiwa,96712,Oahu,Honolulu,Haleiwa/North Shore,Accepted Without Conditions,,2011-11-21,2026-10-01
002242,637320,KA'ULU BY GENTRY I,91-1101 FRANKLIN D. ROOSEVELT,Kapolei,96707,Oahu,Honolulu,Kapolei,Accepted Without Conditions,2026-08-11,2024-01-08,2026-10-01
002287,638792,KA'ULU BY GENTRY II,91-1101 FRANKLIN D. ROOSEVELT,Kapolei,96707,Oahu,Honolulu,Kapolei,Accepted Without Conditions,2024-07-22,2024-07-12,2026-10-01
002327,640291,KA'ULU BY GENTRY III,91-1101 FRANKLIN D. ROOSEVELT,Kapolei,96707,Oahu,Honolulu,Kapolei,Accepted Without Conditions,2025-01-28,2025-01-26,2026-10-01
002382,643277,KA'ULU BY GENTRY IV,91-1101 FRANKLIN D. ROOSEVELT,Kapolei,96707,Oahu,Honolulu,Kapolei,Accepted Without Conditions,2026-02-17,2026-01-28,2026-10-01
001154,495104,KAAAWA OCEANVIEW,51-432 & 51-432A LIHIMAUNA,Kaaawa,96730,Oahu,Honolulu,Kaaawa,Accepted Without Conditions,2013-02-06,2013-02-06,2026-10-01
000205,321124,KAAAWA PARK,51103 KAAAWA PARK LANE,Kaaawa,96731,Oahu,Honolulu,Kahuku,Accepted Without Conditions,,,2026-10-01
001886,626116,KAALA HIGHLANDS,1238 KAALA AVE,Wahiawa,96786,Oahu,Honolulu,Wahiawa,Accepted With Conditions,2020-05-14,2020-05-08,2026-10-01
000903,360600,KAAMOOLOA ESTATES,66-341/345,Waialua,96791,Oahu,Honolulu,Waialua,Accepted Without Conditions,2006-05-08,2006-05-05,2026-10-01
000270,469243,KAAMOOLOA PLANTATION,,Waialua,96791,Oahu,Honolulu,Waialua,Accepted With Conditions,,2011-07-06,2026-10-01
001363,558372,KAHA KAIPII,518 KAHA ST,Kailua,96734,Oahu,Honolulu,Kailua,Accepted Without Conditions,2016-04-20,2016-04-11,2026-10-01
002064,630940,KAHALA GARDENS,1228B STREET,Honolulu,96816,Oahu,Honolulu,Kaimuki/Kapahulu,Accepted Without Conditions,2021-09-20,2021-09-16,2026-10-01
001728,609511,KAHALA HEIGHTS CONDOMINIUM,RESIDENCES 3955 KOKO DR,Honolulu,96816,Oahu,Honolulu,Kaimuki/Kapahulu,Accepted With Conditions,2018-12-06,2018-11-29,2026-10-01
000356,321251,KAHALA TOWERS,4300 WAIALAE AVE,Honolulu,96816,Oahu,Honolulu,Kaimuki/Kapahulu,Accepted Without Conditions,2017-06-09,2015-02-20,2026-10-01
000350,321245,KAHALA VIEW ESTATES,1487 HIIKALA PLACE,Honolulu,96816,Oahu,Honolulu,Kaimuki/Kapahulu,Accepted Without Conditions,,,2026-10-01
002295,639199,KAHALELAUNIU,91-105 FORT WEAVER RD,Ewa Beach,96706,Oahu,Honolulu,Ewa Beach,Accepted Without Conditions,2024-09-05,2024-08-30,2026-10-01
001752,610404,KAHALU'U PROSPECT,47-431 KAMEHAMEHA HWY,Kaneohe,96744,Oahu,Honolulu,Kaneohe,Accepted Without Conditions,2019-02-08,2019-01-30,2026-10-01
001259,528555,KAHALUU COUNTRY,47-416 WAIHEE RD,Kaneohe,96744,Oahu,Honolulu,Kaneohe,Accepted Without Conditions,2014-12-18,2014-12-08,2026-10-01
000147,321074,KAHALUU GARDENS,47-420 HUIIWA ST,Kaneohe,96744,Oahu,Honolulu,Kaneohe,Accepted Without Conditions,2000-01-01,2000-01-01,2026-10-01
002269,638354,KAHALUU HALE,47-493A AHUIMANU ROAD,Kaneohe,96744,Oahu,Honolulu,Kaneohe,Accepted Without Conditions,2024-06-04,2024-05-22,2026-10-01
000327,321224,KAHALUU HILLSIDE,47-722 AHUMANU LOOP,Kaneohe,96744,Oahu,Honolulu,Kaneohe,Accepted Without Conditions,2000-01-01,2000-01-01,2026-10-01
000367,321261,KAHANA KAI,3020 ALA NAPUAA PLACE,Honolulu,96818,Oahu,Honolulu,Salt Lake/Moanalua,Accepted Without Conditions,,,2026-10-01
001636,598458,KAHAONE LOOP DUPLEX,67-237A & 67-237B KAHAONE LP,Waialua,96791,Oahu,Honolulu,Waialua,Accepted With Conditions,2018-03-12,2018-02-07,2026-10-01
FHA015,321716,KAHE KAI I & II,,Nanakuli,96792,Oahu,Honolulu,Waianae/Makaha,Accepted Without Conditions,,2011-06-06,2026-10-01
002315,639814,KAHE KAI I & II,87-131 HELELUA ST,Waianae,96792,Oahu,Honolulu,Waianae/Makaha,Accepted Without Conditions,2024-11-19,2024-11-12,2026-10-01
002046,630253,KAHENA WAI ESTATES,53-458 KAMEHAMEHA HIGHWAY,Hauula,96717,Oahu,Honolulu,Hauula,Accepted Without Conditions,2021-08-27,2021-07-01,2026-10-01
001335,553771,KAHIKU AT MEHANA,724 KAKALA ST,Kapolei,96707,Oahu,Honolulu,Kapolei,Accepted Without Conditions,2016-02-16,2016-02-05,2026-10-01
001302,546194,KAHIWELO CONDOMININUM,92 -584 WELO ST,Makakilo,96707,Oahu,Honolulu,Kapolei,Accepted Without Conditions,2015-09-30,2015-09-16,2026-10-01
002414,644575,KAHOA ESTATES,739 & 739-A KAHOA DRIVE,Kailua,96734,Oahu,Honolulu,Kailua,Accepted Without Conditions,2026-07-23,2026-06-15,2026-10-01
002323,640129,KAHOLO HALE 1,94-337 ANANIA DR,Mililani,96789,Oahu,Honolulu,Mililani,Accepted Without Conditions,2025-01-08,2024-12-24,2026-10-01
001529,586708,KAHUAILANI VILLA,"94-1017 A,B & C KAHUAILANI ST",Waipahu,96797,Oahu,Honolulu,Waipahu,Accepted With Conditions,2017-07-26,2017-07-06,2026-10-01
001797,616043,KAHUKU VILLAS,56-420 KAMEHAMEHA HWY,Kahuku,96731,Oahu,Honolulu,Kahuku,Accepted With Conditions,2019-08-13,2019-07-08,2026-10-01
001025,437583,KAI LANI,ALIINUI DR,Kapolei,96707,Oahu,Honolulu,Kapolei,Accepted Without Conditions,2009-09-22,2009-09-22,2026-10-01
001624,596635,KAI NANI,3003 ALA ILIMA ST,Honolulu,96818,Oahu,Honolulu,Salt Lake/Moanalua,Accepted Without Conditions,2018-01-24,2018-01-08,2026-10-01
000909,363500,KAI NANI AT MAKAKILO,MAKAKILO DR,Kapolei,96707,Oahu,Honolulu,Kapolei,Accepted Without Conditions,2019-06-04,2006-07-17,2026-10-01
001051,447163,KAI NUI COURT,321 AINAHOU ST,Honolulu,96825,Oahu,Honolulu,Hawaii Kai,Accepted Without Conditions,,2010-02-23,2026-10-01
002093,631783,KAIKEA AT HO'OPILI,130 MERCHANT STREET STE 112,Honolulu,96813,Oahu,Honolulu,Downtown/Chinatown,Accepted Without Conditions,2021-12-27,2021-12-22,2026-10-01
002047,630302,KAIKOI AT HO'OPILI,KUALAKAI PKWY & FARRINGTON HGW,Ewa Beach,96706,Oahu,Honolulu,Ewa Beach,Accepted With Conditions,2021-07-12,2021-07-06,2026-10-01
000082,321037,KAIMALA MARINA,444 LUNALILO HOME RD,Honolulu,96825,Oahu,Honolulu,Hawaii Kai,Accepted Without Conditions,2000-01-01,2000-01-01,2026-10-01
000274,321178,KAIMANA LANAIS,2444 NIHIWAI STREET,Honolulu,96826,Oahu,Honolulu,McCully/Moiliili,Accepted Without Conditions,,,2026-10-01
000256,321163,KAIMUKI JADE,1139 9TH AVE.,Honolulu,96816,Oahu,Honolulu,Kaimuki/Kapahulu,Accepted Without Conditions,,,2026-10-01
001494,581121,KAINUI ESTATES,800 KAINUI DR,Kailua,96734,Oahu,Honolulu,Kailua,Accepted Without Conditions,2017-05-12,2017-04-11,2026-10-01
001267,531830,KAIOLU SUNRISE,430 KAIOLU ST,Honolulu,96815,Oahu,Honolulu,Waikiki,Accepted Without Conditions,2021-09-23,2015-02-05,2026-10-01
000611,321478,KAIOO TERRACE,1863 KAIOO DRIVE,Honolulu,96815,Oahu,Honolulu,Waikiki,Accepted Without Conditions,,,2026-10-01
001731,609751,KAIPIHA HALE,443 & 468 KAIPIHA ST,Kailua,96734,Oahu,Honolulu,Kailua,Accepted Without Conditions,2019-01-25,2018-12-11,2026-10-01
000518,321399,KALA KAI MARINA LOT 4-B,6234 - 6246 MILOLII PLACE,Honolulu,96825,Oahu,Honolulu,Hawaii Kai,Accepted Without Conditions,2000-01-01,2000-01-01,2026-10-01
001693,605594,KALAKAUA SANDS,1670 KALAKAUA AVE,Honolulu,96826,Oahu,Honolulu,McCully/Moiliili,Accepted Without Conditions,2018-08-15,2018-07-17,2026-10-01
001091,457966,KALAMA MAKAI,345B AND 345B1 KALAMA ST,Kailua,96734,Oahu,Honolulu,Kailua,Accepted With Conditions,2010-10-04,2010-10-04,2026-10-01
001973,628638,KALAMAKU,59-756 KAMEHAMEHA HWY,Haleiwa,96712,Oahu,Honolulu,Haleiwa/North Shore,Accepted Without Conditions,2021-01-22,2021-01-15,2026-10-01
000986,413603,KALAMAKU'U,MOKUHANO ST,Honolulu,96825,Oahu,Honolulu,Hawaii Kai,Accepted With Conditions,2018-11-06,2015-04-07,2026-10-01
000459,321348,KALANI IKI ESTATES,1430 KALANI IKI ST.,Honolulu,96821,Oahu,Honolulu,Hawaii Kai,Accepted Without Conditions,,,2026-10-01
000915,370003,KALELE KAI,1 KEAHOLE PLACE,Honolulu,96825,Oahu,Honolulu,Hawaii Kai,Accepted With Conditions,2006-12-06,2006-11-29,2026-10-01
001918,627320,KALENAKAI RESIDENCE,44-101 KALENAKAI PL,Kaneohe,96744,Oahu,Honolulu,Kaneohe,Accepted Without Conditions,2020-09-02,2020-08-21,2026-10-01
000468,321355,KALIHI GARDENS,2027 WILCOX LANE,Honolulu,96819,Oahu,Honolulu,Kalihi/Liliha,Accepted Without Conditions,,,2026-10-01
000934,380823,KALIHI VALLEY MANOR,TMK: 1-4-020-008,Honolulu,96819,Oahu,Honolulu,Kalihi/Liliha,Accepted With Conditions,2007-08-20,2007-08-16,2026-10-01
001907,626712,KALIKO HALE,44 & 44A KALIKO DR,Wahiawa,96786,Oahu,Honolulu,Wahiawa,Accepted Without Conditions,2020-07-22,2020-07-11,2026-10-01
001009,424623,KALUA'AHU GARDENS,"45-226 E,F,G WILLIAM HENRY RD",Kaneohe,96744,Oahu,Honolulu,Kaneohe,Accepted Without Conditions,2009-05-22,2009-05-22,2026-10-01
001367,559112,KALUANUI,7226-7238 HAWAII KAI DR,Honolulu,96825,Oahu,Honolulu,Hawaii Kai,Accepted Without Conditions,2016-06-30,2016-04-19,2026-10-01
001755,610480,KALULU CONDOMINIUM,43 & 45 NANEA AVE,Wahiawa,96786,Oahu,Honolulu,Wahiawa,Accepted Without Conditions,2019-02-27,2019-01-31,2026-10-01
000987,415243,KAM TOWERS,2001 AUPUNI STREET,Honolulu,96817,Oahu,Honolulu,Kalihi/Liliha,Accepted Without Conditions,2009-02-04,2009-02-04,2026-10-01
000406,321297,KAMAAINA,1520 WARD AVE,Honolulu,96822,Oahu,Honolulu,Makiki/Manoa,Accepted Without Conditions,2000-01-01,2000-01-01,2026-10-01
000504,321388,KAMAAINA HALE,3095 ALA ILIMA,Honolulu,96819,Oahu,Honolulu,Kalihi/Liliha,Accepted Without Conditions,,,2026-10-01
002157,633971,KAMAAINA TERRACE,3381 KAMAAINA PL #1,Honolulu,96817,Oahu,Honolulu,Kalihi/Liliha,Accepted Without Conditions,2022-09-12,2022-09-06,2026-10-01
000156,321083,KAMALIE HALE,1430 LUSITANA STREET,Honolulu,96813,Oahu,Honolulu,Downtown/Chinatown,Accepted Without Conditions,,,2026-10-01
001490,581003,KAMEHAMEHA HIGHWAY,51-474 KAMEHAMEHA HWY,Kaaawa,96730,Oahu,Honolulu,Kaaawa,Accepted Without Conditions,2017-05-11,2017-04-14,2026-10-01
000176,321099,KAMUELA HALE,712 KAMUELA AVENUE,Honolulu,96816,Oahu,Honolulu,Kaimuki/Kapahulu,Accepted Without Conditions,,,2026-10-01
001429,571753,KANE PLACE GARDENS,67-644 & 67-644 A KANE PL,Waialua,96791,Oahu,Honolulu,Waialua,Accepted Without Conditions,2016-11-16,2016-11-09,2026-10-01
002205,636004,KANEDA COURTS,409 IOLANI AVE.,Honolulu,96813,Oahu,Honolulu,Downtown/Chinatown,Accepted Without Conditions,2023-06-27,2023-06-20,2026-10-01
000403,321294,KANELA SUNSET,57-509 KAM. HWY.,Haleiwa,96712,Oahu,Honolulu,Haleiwa/North Shore,Accepted Without Conditions,,,2026-10-01
002078,631140,KANEOHE BAY RESIDENCE,44-723 KANEOHE BAY DRIVE,Kaneohe,96744,Oahu,Honolulu,Kaneohe,Accepted Without Conditions,2021-10-25,2021-10-11,2026-10-01
001618,596313,KANOELANI NU'UANU,3539&3543 NUUANU PALI DR,Honolulu,96817,Oahu,Honolulu,Kalihi/Liliha,Accepted Without Conditions,2018-05-23,2017-12-29,2026-10-01
000907,362340,KAOPA PARK PLACE,,Kailua,96734,Oahu,Honolulu,Kailua,Accepted Without Conditions,,2006-06-21,2026-10-01
000351,321246,KAPAHULU VISTA,837 KAPAHULU AVE.,Honolulu,96821,Oahu,Honolulu,Hawaii Kai,Accepted Without Conditions,,,2026-10-01
000576,321449,KAPALAI HALE,KAPALAI ROAD,Kaneohe,96744,Oahu,Honolulu,Kaneohe,Accepted Without Conditions,,,2026-10-01
002062,630906,KAPALAMA UKA,1519 KAUMUALII STREET,Honolulu,96817,Oahu,Honolulu,Kalihi/Liliha,Accepted Without Conditions,2021-09-22,2021-09-13,2026-10-01
001097,459803,KAPEHE HALE,47-368 & 47-370 KAPEHE,Kaneohe,96744,Oahu,Honolulu,Kaneohe,Accepted With Conditions,,2010-12-02,2026-10-01
002334,640688,KAPILI AT HO'OPILI,91-4099 HIKUONO STREET,Kapolei,96707,Oahu,Honolulu,Kapolei,Accepted Without Conditions,2025-04-07,2025-03-11,2026-10-01
000920,372543,KAPIOLANI  TOWN HOUSE,1624  KANUNU  ST,Honolulu,96814,Oahu,Honolulu,Kakaako/Ala Moana,Accepted Without Conditions,2007-02-14,2007-02-12,2026-10-01
000182,321104,KAPIOLANI BANYAN,2752 KAAHA STREET,Honolulu,96826,Oahu,Honolulu,McCully/Moiliili,Accepted Without Conditions,,,2026-10-01
002353,641907,KAPIOLANI BEL-AIRE,750 KAHEKA STREET,Honolulu,96814,Oahu,Honolulu,Kakaako/Ala Moana,Accepted Without Conditions,2025-09-02,2025-07-25,2026-10-01
000436,321326,KAPIOLANI GARDENS,2439 KAPIOLANI BLVD,Honolulu,96826,Oahu,Honolulu,McCully/Moiliili,Accepted Without Conditions,,,2026-10-01
002080,631168,KAPIOLANI HOUSE,2232 KAPIOLANI BLVD.,Honolulu,96826,Oahu,Honolulu,McCully/Moiliili,Accepted Without Conditions,2021-10-19,2021-10-13,2026-10-01
000058,309341,KAPIOLANI MANOR,1655 MAKALOA STREET,Honolullu,96814,Oahu,Honolulu,Kakaako/Ala Moana,Accepted Without Conditions,,,2026-10-01
001436,573334,KAPIOLANI RESIDENCE,1631 KAPIOLANI BLVD,Honolulu,96814,Oahu,Honolulu,Kakaako/Ala Moana,Accepted With Conditions,2016-12-20,2016-12-01,2026-10-01
000038,321008,KAPIOLANI ROYALE,2474 KAPIOLANI BLVD,Honolulu,96826,Oahu,Honolulu,McCully/Moiliili,Accepted Without Conditions,2000-01-01,2000-01-01,2026-10-01
001700,606530,KAPIOLANI TERRACE,1560 KANUNU ST,Honolulu,96814,Oahu,Honolulu,Kakaako/Ala Moana,Accepted Without Conditions,2018-10-29,2018-08-13,2026-10-01
001020,432103,KAPIOLANI TOWERS,1610 KANUNU STREET,Honolulu,96814,Oahu,Honolulu,Kakaako/Ala Moana,Accepted Without Conditions,2009-07-30,2009-07-30,2026-10-01
001908,626755,KARSTEN GARDEN,"290,290A,290B,290C KARSTEN DR",Wahiawa,96786,Oahu,Honolulu,Wahiawa,Accepted Without Conditions,2020-07-23,2020-07-20,2026-10-01
000415,321305,KARSTEN PLACE,299 KARSTEN DRIVE,Wahiawa,96786,Oahu,Honolulu,Wahiawa,Accepted Without Conditions,,,2026-10-01
001746,610143,KAUALANA MANOR I INC,1941 CHURCH LN,Honolulu,96826,Oahu,Honolulu,McCully/Moiliili,Accepted Without Conditions,2019-01-25,2019-01-16,2026-10-01
001611,595573,KAUHALE BEACH COVE,45-180 MAHALANI PL,Kaneohe,96744,Oahu,Honolulu,Kaneohe,Accepted Without Conditions,2018-01-04,2017-12-13,2026-10-01
000711,475944,KAUHALE CONDOMINIUM,99-060 KAUHALE ST,Aiea,96701,Oahu,Honolulu,Aiea,Accepted Without Conditions,,2011-12-23,2026-10-01
001418,569632,KAUHALE GARDENS,1123F KAMEHAMEHA IV RD,Honolulu,96819,Oahu,Honolulu,Kalihi/Liliha,Accepted With Conditions,2017-04-04,2016-09-26,2026-10-01
000591,321461,KAUMUALII PARK,1504 KAUMAALII,Honolulu,96817,Oahu,Honolulu,Kalihi/Liliha,Accepted Without Conditions,,,2026-10-01
001979,628775,KAUNALA ESTATES CONDOMINIUM,58-348 A KAMEHAMEHA HWY,Haleiwa,96712,Oahu,Honolulu,Haleiwa/North Shore,Accepted Without Conditions,2021-02-17,2021-02-02,2026-10-01
000128,321065,KAWAIHAE CRESCENT EAST,464 KAWAIHAE ST,Honolulu,96825,Oahu,Honolulu,Hawaii Kai,Accepted Without Conditions,,,2026-10-01
000097,321044,KAWAIHAE CRESCENT WEST,,Honolulu,96825,Oahu,Honolulu,Hawaii Kai,Accepted Without Conditions,,,2026-10-01
001281,539151,KAWAINUI CONDOMINIUM,604 KAWAINUI ST,Kailua,96734,Oahu,Honolulu,Kailua,Accepted Without Conditions,2015-06-12,2015-06-12,2026-10-01
000180,321102,KAWAINUI PARK PLACE,679-A KIHAPAI STREET,Kailua,96734,Oahu,Honolulu,Kailua,Accepted Without Conditions,,,2026-10-01
001350,556631,KAWENA AT MEHANA,460 KAMAAHA AVE,Kapolei,96707,Oahu,Honolulu,Kapolei,Accepted Without Conditions,2016-04-04,2016-03-18,2026-10-01
002178,298291,KAWENA AT MEHANA,460 KAMAAHA,Kapolei,96707,Oahu,Honolulu,Kapolei,Accepted Without Conditions,2023-04-12,2023-03-16,2026-10-01
FHA270,339678,KE AINA KAI,OCEANPOINTE,Ewa,96706,Oahu,Honolulu,Ewa Beach,Accepted Without Conditions,2023-03-10,2023-02-20,2026-10-01
002182,635019,KE AINA KAI TOWNHOMES 1-12,HONOULIULI,Ewa Beach,96706,Oahu,Honolulu,Ewa Beach,Accepted Without Conditions,2024-08-26,2023-02-09,2026-10-01
000473,321360,KE KUMULANI (ALL PHASES),KILEPA PL,Aiea,96701,Oahu,Honolulu,Aiea,Accepted Without Conditions,2000-01-01,2000-01-01,2026-10-01
001482,593052,KE NOHO KAI TOWNHOMES INCR 1,KEONE'ULA BLVD & KAILEOLE'A DR,Ewa Beach,96706,Oahu,Honolulu,Ewa Beach,Accepted Without Conditions,2017-10-31,2017-10-26,2026-10-01
001549,589441,KE NOHO KAI TOWNHOMES INCR 2,KEONE'ULA BLVD/KAPOLIE PARKWAY,Ewa Beach,96706,Oahu,Honolulu,Ewa Beach,Accepted Without Conditions,2017-10-11,2017-08-24,2026-10-01
001575,592069,KE NOHO KAI TOWNHOMES INCR 3,KEONE'ULA BLVD & KAPOLIE PKWY,Ewa Beach,96706,Oahu,Honolulu,Ewa Beach,Accepted Without Conditions,2017-10-25,2017-10-09,2026-10-01
001623,596535,KE NOHO KAI TOWNHOMES INCR 4,KAILEOLE'A DR & KAPOLEI PARKWY,Ewa Beach,96706,Oahu,Honolulu,Ewa Beach,Accepted Without Conditions,2018-02-12,2018-01-05,2026-10-01
001643,599256,KE NOHO KAI TOWNHOMES INCR 5,91-1040 KAILEOLEA DR,Ewa Beach,96706,Oahu,Honolulu,Ewa Beach,Accepted Without Conditions,2018-03-12,2018-02-16,2026-10-01
001146,492924,KE WAENA SHORES,59-460/A KE WAENA ROAD,Haleiwa,96712,Oahu,Honolulu,Haleiwa/North Shore,Accepted Without Conditions,2012-12-18,2012-11-27,2026-10-01
001869,625766,KEA' AHALA VISTA,45-580 KEA'AHALA RD,Kaneohe,96744,Oahu,Honolulu,Kaneohe,Accepted Without Conditions,2020-04-10,2020-03-25,2026-10-01
001027,437585,KEAAHALA,45-567 KEAAHALA RD,Kaneohe,96744,Oahu,Honolulu,Kaneohe,Accepted Without Conditions,2009-09-14,2009-09-11,2026-10-01
001374,560931,KEAAHALA ESTATES,45-559 KEAAHALA RD,Kaneohe,96744,Oahu,Honolulu,Kaneohe,Accepted With Conditions,2020-02-19,2016-05-16,2026-10-01
000507,321390,KEAAHALA PLACE,"45-574B,B1-3, KEAAHOLA RD",Kaneohe,96744,Oahu,Honolulu,Kaneohe,Accepted Without Conditions,,,2026-10-01
001541,588729,KEALAKAHA ESTATES,99-126A & B KEALAKAHA DR,Aiea,96701,Oahu,Honolulu,Aiea,Accepted Without Conditions,2017-08-22,2017-08-10,2026-10-01
001094,459264,KEALAKAI AT KAPOLEI,91-1023 KAMAAHAVE AVE.,Kapolei,96707,Oahu,Honolulu,Kapolei,Accepted Without Conditions,2010-11-22,2010-11-22,2026-10-01
001192,508864,KEALANI,2533 ALA WAI BLVD,Honolulu,96815,Oahu,Honolulu,Waikiki,Accepted Without Conditions,2013-11-18,2013-11-18,2026-10-01
001864,625623,KEALI'I BY GENTRY I,91-5408 KAPOLEI PARKWAY,Kapolei,96707,Oahu,Honolulu,Kapolei,Accepted With Conditions,2020-06-17,2020-03-13,2026-10-01
001926,627431,KEALI'I BY GENTRY INCREMENT II,91-5408 KAPOLEI PARKWAY,Kapolei,96707,Oahu,Honolulu,Kapolei,Accepted With Conditions,2020-09-30,2020-08-31,2026-10-01
002005,629530,KEALII BY GENTRY INCREMENT III,91-5408 KAPOLEI PARKWAY,Kapolei,96707,Oahu,Honolulu,Kapolei,Accepted With Conditions,2021-04-27,2021-04-16,2026-10-01
002212,636180,KEALOHA ARMS,1658 LIHOLIHO ST,Honolulu,96822,Oahu,Honolulu,Makiki/Manoa,Accepted Without Conditions,2023-08-07,2023-07-14,2026-10-01
001945,627919,KEANU KAI,44-295 KANEOHE BAY DR,Kaneohe,96744,Oahu,Honolulu,Kaneohe,Accepted Without Conditions,2020-11-02,2020-10-19,2026-10-01
001533,587167,KEAUHOU PLACE,555 SOUTH ST,Honolulu,96813,Oahu,Honolulu,Downtown/Chinatown,Accepted With Conditions,2017-08-02,2017-07-20,2026-10-01
001491,581060,KEKIO OCEANVIEW ESTATES,51-319A KEKIO RD,Kaaawa,96818,Oahu,Honolulu,Salt Lake/Moanalua,Accepted With Conditions,2017-05-22,2017-04-07,2026-10-01
001333,553091,KEKIO ROAD ESTATES II,51-442 KEKIO RD,Kaaawa,96730,Oahu,Honolulu,Kaaawa,Accepted Without Conditions,2016-02-08,2016-01-27,2026-10-01
001576,592070,KEKUILANI VILLAS,OFF KAMA'AHA AVE,Kapolei,96707,Oahu,Honolulu,Kapolei,Accepted Without Conditions,2017-12-04,2017-10-11,2026-10-01
001980,628777,KELLOG STREET ESTATES,215 KELLOG ST,Wahiawa,96786,Oahu,Honolulu,Wahiawa,Accepted Without Conditions,2021-02-09,2021-02-02,2026-10-01
000214,80867,KEMOO BY THE LAKE,1906 WILIKINA DR,Wahiawa,96786,Oahu,Honolulu,Wahiawa,Accepted Without Conditions,2000-01-01,2000-01-01,2026-10-01
001059,448105,KEOLA LA'I,600 QUEEN STREET,Honolulu,96813,Oahu,Honolulu,Downtown/Chinatown,Accepted Without Conditions,,2010-03-15,2026-10-01
002369,642640,KEOLU AT KOA RIDGE,94-1645 KALANAOLA DRIVE,Waipahu,96797,Oahu,Honolulu,Waipahu,Accepted Without Conditions,2025-11-04,2025-10-27,2026-10-01
001116,482665,KEOLU SUMMIT,1460 AUNAUNA STREET,Kailua,96734,Oahu,Honolulu,Kailua,Accepted Without Conditions,,2012-06-08,2026-10-01
000024,320998,KEONI ANA,430 KEONIANA ST,Honolulu,96815,Oahu,Honolulu,Waikiki,Accepted Without Conditions,2000-01-01,2000-01-01,2026-10-01
000570,321444,KEWALO GARDENS,1503 LIHOLIHO STREET,Honolulu,96822,Oahu,Honolulu,Makiki/Manoa,Accepted Without Conditions,,,2026-10-01
000625,321491,KEWALO HALE,1526 KEWALO STREET,Honolulu,96822,Oahu,Honolulu,Makiki/Manoa,Accepted Without Conditions,,,2026-10-01
001935,627752,KIKIKINA I CONDOMINIUM,45-918 ANOI RD,Kaneohe,96744,Oahu,Honolulu,Kaneohe,Accepted Without Conditions,2020-10-21,2020-09-28,2026-10-01
001127,484686,KIKIKINI 2,47-505 AHUIMANU ROAD,Kaneohe,96744,Oahu,Honolulu,Kaneohe,Accepted With Conditions,,2012-07-26,2026-10-01
000713,321562,KILEA CONDOMINIUM,81-C KILEA PL,Wahiawa,96786,Oahu,Honolulu,Wahiawa,Accepted Without Conditions,2000-01-01,2000-01-01,2026-10-01
000676,321532,KILEA COTTAGES,(FKA: 102 KILEA PLACE),Wahiawa,96786,Oahu,Honolulu,Wahiawa,Accepted Without Conditions,,,2026-10-01
001296,545054,KILEA GARDENS,"65 KILEA PL,",Wahiawa,96786,Oahu,Honolulu,Wahiawa,Accepted Without Conditions,2015-09-10,2015-07-21,2026-10-01
000092,321043,KINAU LANAIS,775 KINALUA PL,Honolulu,96813,Oahu,Honolulu,Downtown/Chinatown,Accepted Without Conditions,,,2026-10-01
000584,321454,KINAU REGENT,1314 KINAU STREET,Honolulu,96814,Oahu,Honolulu,Kakaako/Ala Moana,Accepted Without Conditions,,,2026-10-01
000579,321451,KINAU TERRACE,1032 KINAU STREET,Honolulu,96814,Oahu,Honolulu,Kakaako/Ala Moana,Accepted Without Conditions,,,2026-10-01
000424,321314,KINAU VILLA,827 KINAU ST.,Honolulu,96813,Oahu,Honolulu,Downtown/Chinatown,Accepted Without Conditions,,,2026-10-01
001536,587687,KING KALANI,303 LILIUOKALANI AVE,Honolulu,96815,Oahu,Honolulu,Waikiki,Accepted Without Conditions,2017-08-02,2017-07-27,2026-10-01
000341,321237,KING MANOR,818 SOUTH KING ST.,Honolulu,96813,Oahu,Honolulu,Downtown/Chinatown,Accepted Without Conditions,,,2026-10-01
000366,321260,KING'S PLACE,2040 NUUANU AVE.,Honolulu,96817,Oahu,Honolulu,Kalihi/Liliha,Accepted Without Conditions,,,2026-10-01
000386,309605,KINGS GATE,,Honolulu,96826,Oahu,Honolulu,McCully/Moiliili,Accepted Without Conditions,,2011-05-25,2026-10-01
001279,537334,KIPUKA AT HOAKALEI 12,END OF KAIKOHOLA ST,Ewa Beach,96706,Oahu,Honolulu,Ewa Beach,Accepted Without Conditions,2015-05-18,2015-05-18,2026-10-01
001284,539154,KIPUKA AT HOAKALEI INCR 11,KAIMALIE ST.,Ewa Beach,96706,Oahu,Honolulu,Ewa Beach,Accepted Without Conditions,2015-06-12,2015-06-12,2026-10-01
001285,539155,KIPUKA AT HOAKALEI INCR 13,KAIMALIE,Ewa Beach,96706,Oahu,Honolulu,Ewa Beach,Accepted Without Conditions,2015-06-12,2015-06-12,2026-10-01
001244,521806,KIPUKA AT HOAKALEI INCR. 6,END OF KAIKOHOLA STREET,Ewa Beach,96706,Oahu,Honolulu,Ewa Beach,Accepted Without Conditions,2014-08-13,2014-08-07,2026-10-01
001195,509105,KIPUKA AT HOAKALEI INCREMENT 1,END OF KAIKOHOLA ST,Ewa Beach,96706,Oahu,Honolulu,Ewa Beach,Accepted Without Conditions,2013-11-21,2013-11-21,2026-10-01
001224,515787,KIPUKA AT HOAKALEI INCREMENT 2,KAIKOHOLA ST.,Ewa Beach,96706,Oahu,Honolulu,Ewa Beach,Accepted Without Conditions,2014-04-17,2014-04-09,2026-10-01
001232,518528,KIPUKA AT HOAKALEI INCREMENT 3,END OF KAIKOHOLA ST.,Ewa Beach,96706,Oahu,Honolulu,Ewa Beach,Accepted Without Conditions,2014-06-16,2014-06-05,2026-10-01
001223,515786,KIPUKA AT HOAKALEI INCREMENT 4,END OF KAIKOHOLA ST.,Ewa Beach,96706,Oahu,Honolulu,Ewa Beach,Accepted Without Conditions,2014-04-17,2014-04-09,2026-10-01
001231,518527,KIPUKA AT HOAKALEI INCREMENT 5,END OF KAIKOHOLA ST.,Ewa Beach,96706,Oahu,Honolulu,Ewa Beach,Accepted Without Conditions,2014-06-16,2014-06-05,2026-10-01
001243,521787,KIPUKA AT HOAKALEI INCREMENT 7,END OF KAIKOHOLA STREET,Ewa Beach,96706,Oahu,Honolulu,Ewa Beach,Accepted Without Conditions,2014-08-13,2014-08-07,2026-10-01
001256,528311,KIPUKA AT HOAKALEI INCREMENT 8,END OF KAIKOHOLA STREET,Ewa Beach,96706,Oahu,Honolulu,Ewa Beach,Accepted Without Conditions,2014-12-15,2014-12-12,2026-10-01
001255,528310,KIPUKA AT HOAKALEI INCREMENT 9,END OF KAIKOHOLA ST.,Ewa Beach,96706,Oahu,Honolulu,Ewa Beach,Accepted Without Conditions,2014-12-15,2014-12-12,2026-10-01
001270,534953,KIPUKA AT HOKALEI INCREMENT 10,END OF KAIKOHOLA STREET,Ewa Beach,96706,Oahu,Honolulu,Ewa Beach,Accepted Without Conditions,2015-04-13,2015-03-23,2026-10-01
001301,584348,KO OLINA FAIRWAYS,LOT 4594 KO OLINA,Kapolei,96707,Oahu,Honolulu,Kapolei,Accepted Without Conditions,2017-07-05,2017-06-08,2026-10-01
000938,383823,KO OLINA HILLSIDE VILLAS,92-1520 ALII NUI DR,Kapolei,96707,Oahu,Honolulu,Kapolei,Accepted Without Conditions,2007-10-19,2007-10-17,2026-10-01
000898,356865,KO OLINA HILLSIDE VILLAS PH 1,92-1520 ALII NUI DR,Kapolei,96707,Oahu,Honolulu,Kapolei,Accepted Without Conditions,2006-01-30,2006-01-25,2026-10-01
000973,407603,KO OLINA KAI GOLF ESTATES AND,VILLAS (ALL PHASES),Kapolei,96707,Oahu,Honolulu,Kapolei,Accepted With Conditions,2008-10-20,2008-10-15,2026-10-01
000303,469244,KO'OLANI,1177 QUEEN ST.,Honolulu,96814,Oahu,Honolulu,Kakaako/Ala Moana,Accepted Without Conditions,2011-07-06,2011-07-06,2026-10-01
002412,644538,KO'OLAU KAI ESTATES,358E KAMALA ST,Kaneohe,96744,Oahu,Honolulu,Kaneohe,Accepted Without Conditions,2026-07-10,2026-06-11,2026-10-01
001326,551252,KOALEO,94-536 & 94-536-A KOALEO ST,Waipahu,96797,Oahu,Honolulu,Waipahu,Accepted Without Conditions,2015-12-22,2015-12-18,2026-10-01
001336,553772,KOELE SFRS CONDOMINIUM,30 & 34 KOELE WAY,Wahiawa,96786,Oahu,Honolulu,Wahiawa,Accepted Without Conditions,2016-02-10,2016-02-08,2026-10-01
002066,630979,KOHINA  PHASE 2 AT HO'OPILI,91-3525 KAULUAKOKO ST,Ewa Beach,96706,Oahu,Honolulu,Ewa Beach,Accepted With Conditions,2021-09-23,2021-09-22,2026-10-01
001786,614735,KOHINA AT HO'OPILI,ROAD E,Ewa Beach,96707,Oahu,Honolulu,Kapolei,Accepted With Conditions,2019-06-26,2019-05-31,2026-10-01
000574,321447,KOKEA GARDENS,1201 KOKEA STREET,Honolulu,96817,Oahu,Honolulu,Kalihi/Liliha,Accepted Without Conditions,,,2026-10-01
000211,321128,KOKO ISLE,305 KOKO ISLE CIR,Honolulu,96825,Oahu,Honolulu,Hawaii Kai,Accepted With Conditions,2013-03-22,2013-03-22,2026-10-01
000179,321101,KOKOHEAD VILLAS,6201 MILOLII PLACE,Honolulu,96825,Oahu,Honolulu,Hawaii Kai,Accepted Without Conditions,,,2026-10-01
002135,633143,KOKOKAHI GARDENS,45-243 KOKOKAHI PLACE A & B,Kaneohe,96744,Oahu,Honolulu,Kaneohe,Accepted Without Conditions,2022-06-27,2022-06-02,2026-10-01
001305,546412,KONANE KAI,68-151/68-155 AU ST,Waialua,96791,Oahu,Honolulu,Waialua,Accepted Without Conditions,2015-10-02,2015-08-27,2026-10-01
000725,321571,KOOLAU I&II,54-081&081A HAUULA HMSTD,Hauula,96717,Oahu,Honolulu,Hauula,Accepted Without Conditions,,,2026-10-01
001148,493444,KOOLAU VIEWS,45-660 MAHIMUI RD,Kaneohe,96744,Oahu,Honolulu,Kaneohe,Accepted Without Conditions,2012-12-21,2012-12-21,2026-10-01
001040,444143,KOOLAU VISTA,350 AOLOA ST,Kailua,96734,Oahu,Honolulu,Kailua,Accepted Without Conditions,2017-12-19,2009-12-18,2026-10-01
002180,634981,KOULA,1000 AUAHI STREET,Honolulu,96814,Oahu,Honolulu,Kakaako/Ala Moana,Accepted With Conditions,2023-04-21,2023-02-06,2026-10-01
FHA099,321785,KU'ULAKO - PHASE 2,95-1005 THRU* KUAULI ST,Mililani Town,96797,Oahu,Honolulu,Waipahu,Accepted Without Conditions,2002-12-30,2002-12-30,2026-10-01
002038,630074,KUAHAKA HALE,1308 & 1310 KUAHAKA ST,Pearl City,96782,Oahu,Honolulu,Pearl City,Accepted Without Conditions,2021-06-15,2021-06-14,2026-10-01
000033,321006,KUAHELANI APARTMENTS,KUAHELANI AVE & HOKUIWA,Mililani,96789,Oahu,Honolulu,Mililani,Accepted Without Conditions,2000-01-01,2000-01-01,2026-10-01
000696,321549,KUANI HILLSIDE,LUMIKULA ST,Waipahu,96797,Oahu,Honolulu,Waipahu,Accepted Without Conditions,2000-01-01,2000-01-01,2026-10-01
000050,321014,KUAPA ISLE,156 OPIHIKAO WAY,Honolulu,96825,Oahu,Honolulu,Hawaii Kai,Accepted With Conditions,2019-01-09,2000-01-01,2026-10-01
002194,635631,KUHIO PLAZA,2442 KUHIO AVENUE,Honolulu,96815,Oahu,Honolulu,Waikiki,Accepted Without Conditions,2023-05-08,2023-05-01,2026-10-01
000523,321404,KUILIMA ESTATES EAST,57-077 ELEKU KUILIMA PL,Kahuku,96731,Oahu,Honolulu,Kahuku,Accepted Without Conditions,,,2026-10-01
000419,321309,KUILIMA ESTATES WEST,57101 KUILIMA DR.,Kahuku,96731,Oahu,Honolulu,Kahuku,Accepted Without Conditions,,,2026-10-01
000531,321410,KUKUI PLAZA,1255 NUUANU AVE,Honolulu,96817,Oahu,Honolulu,Kalihi/Liliha,Accepted With Conditions,2010-11-29,2010-11-29,2026-10-01
001190,508624,KUKUNA AT MEHANA,WAKEA ST/KAKALA ST/MANAWAI ST.,Kapolei,96707,Oahu,Honolulu,Kapolei,Accepted Without Conditions,2018-02-13,2013-11-12,2026-10-01
001586,593172,KULALANI VILLAGE,HONOULIULI,Kapolei,96707,Oahu,Honolulu,Kapolei,Accepted Without Conditions,2017-12-04,2017-10-30,2026-10-01
001590,593313,KULANA KNOLLS (ALL PHASES),94-494-546 EVEN KUPUOHI ST,Waipahu,96797,Oahu,Honolulu,Waipahu,Accepted Without Conditions,2017-11-13,2017-10-31,2026-10-01
002208,636140,KULANUI HALE,2860 WAIALAE AVENUE,Honolulu,96826,Oahu,Honolulu,McCully/Moiliili,Accepted Without Conditions,2023-07-21,2023-07-10,2026-10-01
000337,321233,KULIOUOU KAI VILLA,6105-6133 SUMMER ST.,Honolulu,96821,Oahu,Honolulu,Hawaii Kai,Accepted Without Conditions,,,2026-10-01
000352,321247,KULIOUOU VALLEY VISTAS,113 KAELELOI PLACE,Honolulu,96821,Oahu,Honolulu,Hawaii Kai,Accepted Without Conditions,,,2026-10-01
000963,594414,KUMELEWAI COURT (BOTH PHASES),95-1030-1066 AINAMAKUA DR,Mililani,96789,Oahu,Honolulu,Mililani,Accepted Without Conditions,2017-12-15,2017-11-17,2026-10-01
001652,600619,KUMELEWAI GARDENS (BOTH PHASES,) 95-1005-1045 AINAMAKUA DR,Mililani,96789,Oahu,Honolulu,Mililani,Accepted Without Conditions,2018-03-29,2018-03-16,2026-10-01
001644,599535,KUNAWAI TERRACE,647 KUNAWAI LN,Honolulu,96817,Oahu,Honolulu,Kalihi/Liliha,Accepted Without Conditions,2018-04-26,2018-02-27,2026-10-01
000601,321469,KUNIA GARDENS,94 039 WAIPAHU STREET,Waipahu,96797,Oahu,Honolulu,Waipahu,Accepted Without Conditions,,,2026-10-01
001370,559671,KUNIA PALMS,94-011 WAIPAHU/010 LEOLUA,Waipahu,96797,Oahu,Honolulu,Waipahu,Accepted Without Conditions,2016-05-03,2016-04-28,2026-10-01
000688,321541,KUNIA TERRACE,94-049 WAIPAHU ST,Waipahu,96797,Oahu,Honolulu,Waipahu,Accepted Without Conditions,2000-01-01,2000-01-01,2026-10-01
001066,449864,KUPAHU 216,67-216 & 67-2187 KUPAHU S,Waialua,96791,Oahu,Honolulu,Waialua,Accepted Without Conditions,,2010-04-28,2026-10-01
000279,321183,KUPONO HALE,2671 ANUU PLACE,Honolulu,96819,Oahu,Honolulu,Kalihi/Liliha,Accepted Without Conditions,,,2026-10-01
000465,81108,KUPONO I,94 1390 WAIPIO LIKA ST.,Waipio,96797,Oahu,Honolulu,Waipahu,Accepted Without Conditions,,,2026-10-01
000508,321391,KUPONO II,94-1420 WELINA LOOP,Waipahu,96797,Oahu,Honolulu,Waipahu,Accepted Without Conditions,,,2026-10-01
002401,644110,KUUIPO PLACE,45-553 KUUIPO PLACE,Kaneohe,96744,Oahu,Honolulu,Kaneohe,Accepted Without Conditions,2026-05-28,2026-04-29,2026-10-01
001995,629201,KUULAKO,95-1019 KUAULI ST #118,Mililani,96789,Oahu,Honolulu,Mililani,Accepted Without Conditions,2021-03-30,2021-03-18,2026-10-01
FHA100,321786,KUULAKO - PHASE 1,,Mililani,96789,Oahu,Honolulu,Mililani,Accepted Without Conditions,,2002-12-30,2026-10-01
FHA251,337103,KUULAKO - PHASE 3,,Mililani,96789,Oahu,Honolulu,Mililani,Accepted Without Conditions,2002-12-30,2002-12-30,2026-10-01
000483,321370,LA CASA,2092 KUHIO AVE,Honolulu,96815,Oahu,Honolulu,Waikiki,Accepted Without Conditions,,,2026-10-01
001757,610960,LA'AKEA HOMES,84-892 & 84-894 FARRINGTON HWY,Waianae,96792,Oahu,Honolulu,Waianae/Makaha,Accepted Without Conditions,2020-01-10,2019-02-13,2026-10-01
001655,601895,LA'I ROAD ESTATES,"2505,2505A,2505B & 2505C LA'I",Honolulu,96816,Oahu,Honolulu,Kaimuki/Kapahulu,Accepted Without Conditions,2018-04-26,2018-04-06,2026-10-01
002427,645157,LAHAINA STREET CONDO,84-1122 LAHAINA ST,Waianae,96792,Oahu,Honolulu,Waianae/Makaha,Accepted Without Conditions,2026-08-26,2026-08-20,2026-10-01
000060,321021,LAIE OCEANVIEW HOMES,,Laie,96762,Oahu,Honolulu,Laie,Accepted Without Conditions,,,2026-10-01
FHA334,401463,LAKECREST CONDOMINIUMS,,Honolulu,96818,Oahu,Honolulu,Salt Lake/Moanalua,Accepted Without Conditions,,2011-06-06,2026-10-01
001573,591868,LAKESHORE TOWER CONDO,2920 ALA ILIMA ST,Honolulu,96818,Oahu,Honolulu,Salt Lake/Moanalua,Accepted Without Conditions,2018-06-12,2017-10-09,2026-10-01
000254,321161,LAKESIDE CORONET,3230 ALA ILIMA STREET,Honolulu,96819,Oahu,Honolulu,Kalihi/Liliha,Accepted Without Conditions,,,2026-10-01
000206,80860,LAKESIDE HOLIDAY,2988 ALA ILIMA STREET,Honolulu,96818,Oahu,Honolulu,Salt Lake/Moanalua,Accepted Without Conditions,,,2026-10-01
000544,321422,LAKESIDE MANOR,3030 ALA ILIMA STREET,Honolulu,96818,Oahu,Honolulu,Salt Lake/Moanalua,Accepted Without Conditions,,,2026-10-01
000194,94333,LAKESIDE WEST,909 ALA NANALA STREET,Honolulu,96818,Oahu,Honolulu,Salt Lake/Moanalua,Accepted Without Conditions,,,2026-10-01
000188,321110,LAKEVIEW,1220 AKIPOHE ST,Kailua,96734,Oahu,Honolulu,Kailua,Accepted Without Conditions,2000-01-01,2000-01-01,2026-10-01
000374,309593,LAKEVIEW GARDENS,1121 ALA NAPUNANI ST.,Honolulu,96818,Oahu,Honolulu,Salt Lake/Moanalua,Accepted Without Conditions,,,2026-10-01
000238,321147,LAKEVIEW PLAZA,955 ALA LILIKOI ST.,Honolulu,96818,Oahu,Honolulu,Salt Lake/Moanalua,Accepted Without Conditions,,,2026-10-01
000560,321434,LAKEVIEW ROYAL,801 ALA NIOI STREET,Honolulu,96818,Oahu,Honolulu,Salt Lake/Moanalua,Accepted Without Conditions,,,2026-10-01
000170,321094,LAKEVIEW SANDS,1099 ALA NAPUNANI STREET,Honolulu,96818,Oahu,Honolulu,Salt Lake/Moanalua,Accepted Without Conditions,,,2026-10-01
000729,321574,LAKEVIEW TERRACE,2889 ALA ILIMA STREET,Honolulu,96818,Oahu,Honolulu,Salt Lake/Moanalua,Accepted Without Conditions,,,2026-10-01
000298,321199,LAKEWOOD,1005 ALA LILIKOI ST.,Honolulu,96818,Oahu,Honolulu,Salt Lake/Moanalua,Accepted Without Conditions,,,2026-10-01
000602,309796,LALAWAI HALE,1045 AHE AHE AVE,Wahiawa,96786,Oahu,Honolulu,Wahiawa,Accepted Without Conditions,2000-01-01,2000-01-01,2026-10-01
000710,475583,LALEA AT HAWAII KAI,PHASES I-IV,Honolulu,96825,Oahu,Honolulu,Hawaii Kai,Accepted Without Conditions,,2011-12-13,2026-10-01
002312,639750,LANI HALE,3632 SALT LAKE BLVD,Honolulu,96818,Oahu,Honolulu,Salt Lake/Moanalua,Accepted Without Conditions,2024-12-06,2024-11-06,2026-10-01
000311,321210,LANIKAI PARTNERS CONDOMINIUM,1206 AALAPAPA DR,Kailua,96734,Oahu,Honolulu,Kailua,Accepted Without Conditions,2000-01-01,2000-01-01,2026-10-01
002284,638734,LANIKAI POINT,567 KANEAPU PL,Kailua,96734,Oahu,Honolulu,Kailua,Accepted Without Conditions,2024-07-11,2024-07-03,2026-10-01
001069,450608,LANIKEA @ WAIKIKI,421 OLOHANA ST,Honolulu,96815,Oahu,Honolulu,Waikiki,Accepted Without Conditions,2010-04-26,2010-04-20,2026-10-01
002249,637604,LANIKUHANA PATIO HOMES,"MILILANI, HI 96789",Mililani,96789,Oahu,Honolulu,Mililani,Accepted Without Conditions,2024-02-27,2024-02-20,2026-10-01
001158,495584,LANIPO CONDOMINIUM RESIDENCE,215 & 217 LANIPO DRIVE,Kailua,96734,Oahu,Honolulu,Kailua,Accepted With Conditions,2013-02-14,2013-02-14,2026-10-01
001033,441123,LAPA'OLU AIEA HEIGHTS,99-1307 AIEA HGTS DR,Aiea,96701,Oahu,Honolulu,Aiea,Accepted Without Conditions,2017-12-05,2009-11-09,2026-10-01
002406,644178,LAU LE'A AT KOA RIDGE-PHASE I,KAMEHAMEHA HIGHWAY,Waipahu,96797,Oahu,Honolulu,Waipahu,Accepted Without Conditions,2026-06-03,2026-05-06,2026-10-01
002225,636585,LAU RESIDENCES,87-102C KULAAUPUNI ST,Waianae,96792,Oahu,Honolulu,Waianae/Makaha,Accepted Without Conditions,2023-09-21,2023-09-12,2026-10-01
000117,461365,LAULANI (ALL PHASES),91-1001 KEAUNUI DR,Ewa Beach,96706,Oahu,Honolulu,Ewa Beach,Accepted Without Conditions,2011-01-04,2010-12-27,2026-10-01
001846,623812,LAULE'A KAI ESTATES,499 KEALAHOU ST,Honolulu,96825,Oahu,Honolulu,Hawaii Kai,Accepted Without Conditions,2020-03-19,2019-12-27,2026-10-01
001753,610340,LEAHI CRATER ESTATES,3345 & 3347 HAYDEN ST & 3497 T,Honolulu,96815,Oahu,Honolulu,Waikiki,Accepted Without Conditions,2019-03-13,2019-01-28,2026-10-01
000476,321363,LEHUA HALE,906 LEHUA AVE,Pearl City,96782,Oahu,Honolulu,Pearl City,Accepted Without Conditions,2000-01-01,2000-01-01,2026-10-01
000968,407423,LEHUA MANOR,,Honolulu,96818,Oahu,Honolulu,Salt Lake/Moanalua,Accepted Without Conditions,2008-10-17,2008-10-01,2026-10-01
000019,320996,LEHUA NANI,,Pearl City,96782,Oahu,Honolulu,Pearl City,Accepted Without Conditions,,,2026-10-01
001437,573513,LEI PAUKU AT HOAKALEI INCR 1,91-2220 KAIWAWALO ST,Ewa Beach,96706,Oahu,Honolulu,Ewa Beach,Accepted Without Conditions,2016-12-22,2016-12-02,2026-10-01
001501,582324,LEI PAUKU AT HOAKALEI INCR 2,91-2220 KAIWAWALO ST,Ewa Beach,96706,Oahu,Honolulu,Ewa Beach,Accepted With Conditions,2017-06-05,2017-05-04,2026-10-01
001527,586187,LEI PAUKU AT HOAKALEI INCR 3,91-2220 KAIWAWALO ST,Ewa Beach,96706,Oahu,Honolulu,Ewa Beach,Accepted Without Conditions,2017-07-17,2017-06-22,2026-10-01
001539,588588,LEI PAUKU AT HOAKALEI INCR 4,91-2220 KAIWAWALO ST,Ewa Beach,96706,Oahu,Honolulu,Ewa Beach,Accepted With Conditions,2017-08-24,2017-08-09,2026-10-01
001565,591587,LEI PAUKU AT HOAKALEI INCR 5,19-2220 KAIWAWALO ST,Ewa Beach,96706,Oahu,Honolulu,Ewa Beach,Accepted With Conditions,2017-10-25,2017-09-25,2026-10-01
001588,593293,LEI PAUKU AT HOAKALEI INCR 6,91-2220 KAIWAWALO ST,Ewa Beach,96706,Oahu,Honolulu,Ewa Beach,Accepted With Conditions,2017-11-02,2017-10-30,2026-10-01
001620,596412,LEI PAUKU AT HOAKALEI INCR 7,91-2220 KAIWAWALO ST,Ewa Beach,96706,Oahu,Honolulu,Ewa Beach,Accepted With Conditions,2018-01-23,2018-01-02,2026-10-01
000896,350982,LEILEHUA ESTATES,,Wahiawa,96786,Oahu,Honolulu,Wahiawa,Accepted With Conditions,2005-03-16,2005-03-16,2026-10-01
000330,321227,LEILEHUA HOMES,1973 ALAI PLACE,Wahiawa,96786,Oahu,Honolulu,Wahiawa,Accepted Without Conditions,,,2026-10-01
001215,512946,LEISURE HERITAGE APARTMENTS,311 OHUA AVENUE,Honolulu,96815,Oahu,Honolulu,Waikiki,Accepted Without Conditions,2014-02-27,2014-02-21,2026-10-01
000299,309522,LELE PONO,98-099 UAO PL,Aiea,96701,Oahu,Honolulu,Aiea,Accepted Without Conditions,2000-01-01,2000-01-01,2026-10-01
000661,321519,LEOLUA GARDENS,94-054 LEOLUA STREET,Waipahu,96797,Oahu,Honolulu,Waipahu,Accepted Without Conditions,,,2026-10-01
001648,600260,LEOLUA REGENT,94-246 LEOKU,Waipahu,96797,Oahu,Honolulu,Waipahu,Accepted Without Conditions,2018-04-26,2018-03-12,2026-10-01
000545,321423,LEOLUA VISTA,94030 LEOLUA STREET,Waipahu,96797,Oahu,Honolulu,Waipahu,Accepted Without Conditions,,,2026-10-01
000553,321428,LIHOLIHO TOWNHOUSES,1520 LIHOLIHO STREET,Honolulu,96822,Oahu,Honolulu,Makiki/Manoa,Accepted Without Conditions,,,2026-10-01
000445,321334,LIKINI WEST,5122 LIKINI ST,Honolulu,96818,Oahu,Honolulu,Salt Lake/Moanalua,Accepted Without Conditions,2000-01-01,2000-01-01,2026-10-01
000890,339760,LILIHA  SQUARE,1425 LILIHA ST,Honolulu,96817,Oahu,Honolulu,Kalihi/Liliha,Accepted Without Conditions,2003-12-08,2003-11-26,2026-10-01
000634,321499,LILIPUNA CONDOMINIUM,45-315 LILIPUNA ROAD,Kaneohe,96744,Oahu,Honolulu,Kaneohe,Accepted Without Conditions,,2012-05-04,2026-10-01
002051,630411,LILIPUNA ESTATES,45-158 A LILIPUNA ROAD,Kaneohe,96744,Oahu,Honolulu,Kaneohe,Accepted Without Conditions,2021-08-10,2021-07-20,2026-10-01
000673,321529,LILIUOKALANI GDNS AT WAIKIKI,300 WAI NANI WY,Honolulu,96815,Oahu,Honolulu,Waikiki,Accepted Without Conditions,2000-01-01,2000-01-01,2026-10-01
002045,630240,LILIUOKALANI PLAZA,222 LILIUOKALANI AVE,Honolulu,96815,Oahu,Honolulu,Waikiki,Accepted Without Conditions,2021-07-13,2021-06-30,2026-10-01
000410,321301,LIME TREE,2015 LIME ST,Honolulu,96826,Oahu,Honolulu,McCully/Moiliili,Accepted Without Conditions,2000-01-01,2000-01-01,2026-10-01
000173,321097,LIOLIO,94872A LELEPUA,Waipahu,96797,Oahu,Honolulu,Waipahu,Accepted Without Conditions,,,2026-10-01
001021,432123,LOFT AT WAIKIKI,437 LAUNIU STREET,Honolulu,96815,Oahu,Honolulu,Waikiki,Accepted Without Conditions,2009-07-30,2009-07-30,2026-10-01
000164,321088,LUALUALEI- I,87-1698 FARRINGTON HWY,Waianae,96792,Oahu,Honolulu,Waianae/Makaha,Accepted Without Conditions,2000-01-01,2000-01-01,2026-10-01
001923,627373,LUANA AT KOA RIDGE - PHASE I,KAMEHAMEHA HWY,Waipahu,96797,Oahu,Honolulu,Waipahu,Accepted With Conditions,2020-09-09,2020-08-26,2026-10-01
001924,627374,LUANA AT KOA RIDGE - PHASE II,KAMEHAMEHA HIGHWAY,Waipahu,96797,Oahu,Honolulu,Waipahu,Accepted With Conditions,2020-09-09,2020-08-26,2026-10-01
002055,630576,LUANA AT KOA RIDGE PH IV,KAMEHAMEHA HWY,Waipahu,96797,Oahu,Honolulu,Waipahu,Accepted With Conditions,2021-11-15,2021-08-05,2026-10-01
002035,630007,LUANA AT KOA RIDGE PHASE III,KAMEHAMEHA HIGHWAY,Waipahu,96797,Oahu,Honolulu,Waipahu,Accepted Without Conditions,2021-06-10,2021-06-07,2026-10-01
002036,630008,LUANA AT KOA RIDGE PHASE V,KAMEHAMEHA HIGHWAY,Waipahu,96797,Oahu,Honolulu,Waipahu,Accepted With Conditions,2021-06-10,2021-06-07,2026-10-01
000481,321368,LUANA-PALELA COTTAGE,45-530 PALEKA RD,Kaneohe,96744,Oahu,Honolulu,Kaneohe,Accepted Without Conditions,,,2026-10-01
000461,321350,LUKEPANE HALE,727 LUKEPANE AVE,Honolulu,96816,Oahu,Honolulu,Kaimuki/Kapahulu,Accepted Without Conditions,,,2026-10-01
002003,629463,LUKEPANE VILLA,815 LUKEPANE AVE,Honolulu,96815,Oahu,Honolulu,Waikiki,Accepted Without Conditions,2021-04-13,2021-04-09,2026-10-01
002081,631200,LULANI HALE,47-362 LULANI ST,Kaneohe,96744,Oahu,Honolulu,Kaneohe,Accepted Without Conditions,2021-10-20,2021-10-18,2026-10-01
000472,321359,LUNA-LIHO TOWERS,1415 LIHOLIHO STREET,Honolulu,96822,Oahu,Honolulu,Makiki/Manoa,Accepted Without Conditions,,,2026-10-01
000404,321295,LUNALILO GARDFENS,1144 LUNALILO ST.,Honolulu,96822,Oahu,Honolulu,Makiki/Manoa,Accepted Without Conditions,,,2026-10-01
000340,321236,LUNALILO TOWER,710 LUNALILO ST,Honolulu,96813,Oahu,Honolulu,Downtown/Chinatown,Accepted Without Conditions,2013-07-03,2013-07-03,2026-10-01
001984,628826,LUSITANA ESTATES,"1828,1830,1832 LUSITANA ST",Honolulu,96813,Oahu,Honolulu,Downtown/Chinatown,Accepted Without Conditions,2021-02-19,2021-02-08,2026-10-01
000637,321501,LUSITANA GARDENS,1401 LUSITANA ST,Honolulu,96813,Oahu,Honolulu,Downtown/Chinatown,Accepted Without Conditions,2000-01-01,2000-01-01,2026-10-01
001207,510404,LUSITANA HALE,1469 LUSITANA ST.,Honolulu,96813,Oahu,Honolulu,Downtown/Chinatown,Accepted Without Conditions,2013-12-23,2013-12-23,2026-10-01
000447,321336,LYNWYD CONDO,336 N. KUAKINI ST.,Honolulu,96817,Oahu,Honolulu,Kalihi/Liliha,Accepted Without Conditions,,,2026-10-01
001312,546814,M&MKB,45-589 PALEKA ROAD,Kaneohe,96744,Oahu,Honolulu,Kaneohe,Accepted Without Conditions,2015-09-30,2015-09-21,2026-10-01
002041,630190,MAHAKEA,55-137,Laie,96762,Oahu,Honolulu,Laie,Accepted Without Conditions,2021-06-28,2021-06-24,2026-10-01
001606,594791,MAHI KO AT WAIKELE,LUMIAINA STREET,Waipahu,96797,Oahu,Honolulu,Waipahu,Accepted Without Conditions,2017-12-15,2017-11-29,2026-10-01
000762,591867,MAHINUI GARDEN,45-422 KAMEHAMEHA HWY,Kaneohe,96744,Oahu,Honolulu,Kaneohe,Accepted Without Conditions,2017-10-31,2017-10-09,2026-10-01
000573,321446,MAI HALE,2618 MAUNAWAI PLACE,Honolulu,96826,Oahu,Honolulu,McCully/Moiliili,Accepted Without Conditions,,,2026-10-01
001067,449865,MAILE TERRACE,1323 & 1403 MAKIKI ST,Honolulu,96814,Oahu,Honolulu,Kakaako/Ala Moana,Accepted With Conditions,2010-04-14,2010-04-07,2026-10-01
001460,577841,MAILE TOWER,1025 WILDER AVENUE,Honolulu,96822,Oahu,Honolulu,Makiki/Manoa,Accepted Without Conditions,2022-05-04,2017-02-24,2026-10-01
000910,367424,MAILI BEACH,MAIPALAOA ROAD MAP 4530,Waianae,96792,Oahu,Honolulu,Waianae/Makaha,Accepted Without Conditions,2006-11-07,2006-10-02,2026-10-01
001121,483484,MAILI BEACH PLACE,87-176 MAIPALAOA RD,Waianae,96792,Oahu,Honolulu,Waianae/Makaha,Accepted Without Conditions,2019-11-25,2012-06-27,2026-10-01
001225,515807,"MAILI COVE, INC.",85-561 FARRINGTON HWY,Waianae,96792,Oahu,Honolulu,Waianae/Makaha,Accepted Without Conditions,2014-04-17,2014-04-08,2026-10-01
002326,640212,MAILI GARDENS PHASE I,87-188 KULAAUPUNI ST,Waianae,96792,Oahu,Honolulu,Waianae/Makaha,Accepted Without Conditions,2025-01-31,2025-01-15,2026-10-01
001271,535591,MAKAHA BEACH CABANAS,84-965 FARRINGTON HWY,Waianae,96792,Oahu,Honolulu,Waianae/Makaha,Accepted Without Conditions,2015-04-22,2015-04-07,2026-10-01
002389,643425,MAKAHA FLATS,84-814 FARRINGTON HWY,Waiainae,96792,Oahu,Honolulu,Waianae/Makaha,Accepted Without Conditions,2026-03-05,2026-02-17,2026-10-01
001013,425844,MAKAHA OCEANVIEW ESTATES,84-575 KILI DR,Waianae,96792,Oahu,Honolulu,Waianae/Makaha,Accepted Without Conditions,2017-02-16,2009-05-29,2026-10-01
001165,499705,MAKAHA OCEANVIEW ESTATES(PH 2),"(PH 2, INCR 2) 284-575 KILI DR",Waianae,96792,Oahu,Honolulu,Waianae/Makaha,Accepted Without Conditions,2017-02-16,2013-04-26,2026-10-01
000680,321535,MAKAHA SHORES,84 265 FARRINGTON HWY,Waianae,96792,Oahu,Honolulu,Waianae/Makaha,Accepted Without Conditions,,,2026-10-01
000528,94629,MAKAHA SURFSIDE,85-175 FARRINGTON HWY,Waianae,96792,Oahu,Honolulu,Waianae/Makaha,Accepted Without Conditions,2000-01-01,2000-01-01,2026-10-01
001408,568432,MAKAHA VALLEY COTTAGES,84-686 FARRINGTON HWY,Waianae,96792,Oahu,Honolulu,Waianae/Makaha,Accepted Without Conditions,2016-09-19,2016-09-01,2026-10-01
000502,81144,MAKAHA VALLEY PLANTATION,84-786 ALA MAHIKU DR,Waianae,96792,Oahu,Honolulu,Waianae/Makaha,Accepted Without Conditions,2018-03-21,2012-11-26,2026-10-01
000364,81007,MAKAHA VALLEY TOWERS,84-740 KILI DR,Waianae,96792,Oahu,Honolulu,Waianae/Makaha,Accepted Without Conditions,2000-01-01,2000-01-01,2026-10-01
000027,321001,MAKAHA VILLAGE,,Waianae,96792,Oahu,Honolulu,Waianae/Makaha,Accepted Without Conditions,,,2026-10-01
001976,628686,MAKAI RIDGE,44-646/652/656 KANEOHE BAY DR,Kaneohe,96744,Oahu,Honolulu,Kaneohe,Accepted Without Conditions,2021-02-17,2021-01-24,2026-10-01
000728,321573,MAKAKILO CLIFFS,91-1055 OKA'A ST,Kapolei,96707,Oahu,Honolulu,Kapolei,Accepted Without Conditions,2021-01-11,2000-01-01,2026-10-01
001672,604844,MAKAKILO GARDENS INCR NO 1,92-671 MAKAKILO DR,Ewa Beach,96706,Oahu,Honolulu,Ewa Beach,Accepted Without Conditions,2018-06-13,2018-05-23,2026-10-01
001563,590548,MAKAKILO GARDENS INCR NO 2,MAP NO. 170,Kapolei,96707,Oahu,Honolulu,Kapolei,Accepted Without Conditions,2017-10-03,2017-09-14,2026-10-01
000066,321027,MAKAKILO GARDENS INCR NO 3 INC,92-779 MAKAKILO DR,Ewa Beach,96707,Oahu,Honolulu,Kapolei,Accepted Without Conditions,2000-01-01,2000-01-01,2026-10-01
000582,470985,MAKAKILO HALE I (BOTH PHASES),92-918 WELO ST,Kapolei,96707,Oahu,Honolulu,Kapolei,Accepted Without Conditions,2011-08-10,2011-08-04,2026-10-01
001502,582785,MAKAKILO HALE II (BOTH PHASES),95-1251 PANANA ST,Kapolei,96707,Oahu,Honolulu,Kapolei,Accepted With Conditions,2017-11-09,2017-05-16,2026-10-01
001630,597955,MAKAKILO MALA,92-830 KINOHI PL,Kapolei,96707,Oahu,Honolulu,Kapolei,Accepted Without Conditions,2018-02-12,2018-01-30,2026-10-01
001144,492786,MAKALI'I II AT KAPOLEI,WA'AKEA PLACE,Kapolei,96707,Oahu,Honolulu,Kapolei,Accepted With Conditions,2012-12-17,2012-11-27,2026-10-01
002113,632475,MAKANA HALE MANOA,3005 KALAWAO ST,Honolulu,96822,Oahu,Honolulu,Makiki/Manoa,Accepted Without Conditions,2022-03-31,2022-03-28,2026-10-01
000474,321361,MAKANI KAI MARINA,45995 WAILELE ROAD,Kaneohe,96744,Oahu,Honolulu,Kaneohe,Accepted Without Conditions,,,2026-10-01
001774,611929,MAKAUA SHORES,MAKAUA KOOLAULOA,Hauula,96717,Oahu,Honolulu,Hauula,Accepted Without Conditions,2019-09-20,2019-03-27,2026-10-01
000636,321500,MAKAUA VILLAGE,51-636 KAMAEHAMEHA HWY.,Kaaawa,96730,Oahu,Honolulu,Kaaawa,Accepted Without Conditions,2000-01-01,2000-01-01,2026-10-01
001005,421643,MAKEE  AILANA,204 MAKEE RD,Honolulu,96815,Oahu,Honolulu,Waikiki,Accepted Without Conditions,2009-04-17,2009-04-17,2026-10-01
002095,631798,MAKIKI APARTMENTS,1122 WILDER AVENUE,Honolulu,96822,Oahu,Honolulu,Makiki/Manoa,Accepted Without Conditions,2022-02-09,2021-12-27,2026-10-01
000464,321353,MAKIKI CLIFFS,1019 MAUNAIHI PLACE,Honolulu,96822,Oahu,Honolulu,Makiki/Manoa,Accepted Without Conditions,,,2026-10-01
000521,321402,MAKIKI COLONY,1620 KEEAUMOKU ST,Honolulu,96822,Oahu,Honolulu,Makiki/Manoa,Accepted Without Conditions,,,2026-10-01
000638,321502,MAKIKI COURTE,1228 LUNALILO STREET,Honolulu,96825,Oahu,Honolulu,Hawaii Kai,Accepted Without Conditions,,,2026-10-01
001863,625553,MAKIKI CRESENT,1418 MAKIKI ST,Honolulu,96814,Oahu,Honolulu,Kakaako/Ala Moana,Accepted Without Conditions,2020-03-16,2020-03-09,2026-10-01
001911,626941,MAKIKI EAST,1127 DAVENPORT ST,Honolulu,96822,Oahu,Honolulu,Makiki/Manoa,Accepted Without Conditions,2020-09-02,2020-07-30,2026-10-01
000437,321327,MAKIKI HILLSIDE,1821 KEEAUMOKU ST,Honolulu,96822,Oahu,Honolulu,Makiki/Manoa,Accepted Without Conditions,,,2026-10-01
000681,321536,MAKIKI HOLIDAY,1722 MAKIKI STREET,Honolulu,96822,Oahu,Honolulu,Makiki/Manoa,Accepted Without Conditions,,,2026-10-01
000316,321214,MAKIKI MANOR,,Honolulu,96821,Oahu,Honolulu,Hawaii Kai,Accepted Without Conditions,,,2026-10-01
002129,632947,MAKIKI PALMS,1505 KEWALO STREET,Honolulu,96822,Oahu,Honolulu,Makiki/Manoa,Accepted Without Conditions,2022-05-20,2022-05-10,2026-10-01
000285,321189,MAKIKI PARK PLACE,1517 MAKIKI ST.,Honolulu,96822,Oahu,Honolulu,Makiki/Manoa,Accepted Without Conditions,,,2026-10-01
001686,605425,MAKIKI PARKSIDE,1432 KEEAUMOKU ST,Honolulu,96822,Oahu,Honolulu,Makiki/Manoa,Accepted Without Conditions,2018-07-24,2018-07-05,2026-10-01
000392,321283,MAKIKI PLAZA,1561 PENSACOLA ST,Honolulu,96822,Oahu,Honolulu,Makiki/Manoa,Accepted Without Conditions,1985-07-22,1985-07-03,2026-10-01
002345,641677,MAKIKI TERRACE II,2017 MAKIKI STREET IIA,Honolulu,96822,Oahu,Honolulu,Makiki/Manoa,Accepted Without Conditions,2025-07-08,2025-06-30,2026-10-01
000487,321373,MAKIKI TOWERS,1617 KEEAUMOKU ST,Honolulu,96822,Oahu,Honolulu,Makiki/Manoa,Accepted Without Conditions,,,2026-10-01
000705,321556,MAKIKI VISTA,1428 PIIKOI STREET,Honolulu,96822,Oahu,Honolulu,Makiki/Manoa,Accepted Without Conditions,,,2026-10-01
000263,321169,MAKIKI WEST,1036 GREEN STREET,Honolulu,96822,Oahu,Honolulu,Makiki/Manoa,Accepted Without Conditions,2012-06-22,2012-06-22,2026-10-01
000426,321316,MAKIKI WINDS,1642 KEWALO ST.,Honolulu,96822,Oahu,Honolulu,Makiki/Manoa,Accepted Without Conditions,,,2026-10-01
000195,321115,MAKIKILANI PLAZA,1560 THURSTON AVENUE,Honolulu,96822,Oahu,Honolulu,Makiki/Manoa,Accepted Without Conditions,,,2026-10-01
000970,407443,MAKINI AT KINAU,1050 KINAU ST,Honolulu,96814,Oahu,Honolulu,Kakaako/Ala Moana,Accepted Without Conditions,2008-10-17,2008-10-06,2026-10-01
001307,546531,MAKONA AND LILIANA STREET,CONDOMINIUM (BOTH PHASES),Waianae,96792,Oahu,Honolulu,Waianae/Makaha,Accepted Without Conditions,2015-10-06,2015-10-05,2026-10-01
000892,341020,MALANAI IKI,91-1059 - 1081 OANIANI ST,Kapolei,96707,Oahu,Honolulu,Kapolei,Accepted Without Conditions,2017-10-25,2004-01-23,2026-10-01
002056,630577,MALINA AT KOA RIDGE,KAMEHAMEHA HWY,Waipahu,96797,Oahu,Honolulu,Waipahu,Accepted With Conditions,2021-08-16,2021-08-05,2026-10-01
002102,632291,MAMAKA AT HO'OPILI,91-1641 HONO'ULI'ULI STREET,Ewa Beach,96706,Oahu,Honolulu,Ewa Beach,Accepted With Conditions,2022-03-02,2022-02-24,2026-10-01
000482,321369,MANAI HALE,45-697 KAMEHAMEHA HWY,Kaneohe,96744,Oahu,Honolulu,Kaneohe,Accepted Without Conditions,2000-01-01,2000-01-01,2026-10-01
000309,553752,MANAWA AT MEHANA,1051 KAKALA ST & 458 MANAWAI S,Kapolei,96707,Oahu,Honolulu,Kapolei,Accepted Without Conditions,2016-02-16,2016-02-08,2026-10-01
000989,415246,MANGO HILLS,2506 SCHOOL STREET,Honolulu,96813,Oahu,Honolulu,Downtown/Chinatown,Accepted Without Conditions,2009-02-06,2009-02-02,2026-10-01
000149,321076,MANOA EAST,2841 KAONAWAI PLACE,Honolulu,96822,Oahu,Honolulu,Makiki/Manoa,Accepted Without Conditions,,,2026-10-01
000193,321114,MANOA ESTATES,3577 PINAU STREET,Honolulu,96822,Oahu,Honolulu,Makiki/Manoa,Accepted Without Conditions,1993-01-01,1993-01-01,2026-10-01
002067,631051,MANOA HILLSIDE ESTATES,98 HANUPAOA PL,Honolulu,96822,Oahu,Honolulu,Makiki/Manoa,Accepted Without Conditions,2021-10-19,2021-09-30,2026-10-01
002306,639593,MANOA IKI,3596 NIPO ST,Honolulu,96822,Oahu,Honolulu,Makiki/Manoa,Accepted Without Conditions,2024-10-25,2024-10-16,2026-10-01
001130,484964,MANOA LANE,3585 PINAO STREET,Honolulu,96822,Oahu,Honolulu,Makiki/Manoa,Accepted With Conditions,,2012-07-31,2026-10-01
002139,633205,MANOA NUI,3609 NIPO ST,Honolulu,96822,Oahu,Honolulu,Makiki/Manoa,Accepted Without Conditions,2025-05-01,2022-06-10,2026-10-01
001925,627420,MANOA STREAMSIDE BUNGALOWS,2963 KOALI RD,Honolulu,96826,Oahu,Honolulu,McCully/Moiliili,Accepted With Conditions,2020-09-25,2020-08-21,2026-10-01
000003,460663,MANOALANI CONDO,,Honolulu,96822,Oahu,Honolulu,Makiki/Manoa,Accepted Without Conditions,2010-12-08,2010-11-26,2026-10-01
001010,424823,MANU MELE,1244 & 1246 MANU MELE ST,Kailua,96734,Oahu,Honolulu,Kailua,Accepted With Conditions,2009-05-22,2009-05-22,2026-10-01
000217,321133,MARCO POLO APARTMENTS,2333 KAPIOLANI BLVD,Honolulu,96826,Oahu,Honolulu,McCully/Moiliili,Accepted Without Conditions,2020-05-07,2000-01-01,2026-10-01
001197,509107,MARINA GARDENS,1621 & 1627 ALA WAI BLVD.,Honolulu,96815,Oahu,Honolulu,Waikiki,Accepted Without Conditions,2013-11-21,2013-11-21,2026-10-01
000198,321118,MARINA PALMS,6231 KEOKEA STREET,Honolullu,96825,Oahu,Honolulu,Hawaii Kai,Accepted Without Conditions,,,2026-10-01
000961,402183,MARINA TOWERS,1645 ALA WAI BLVD,Honolulu,96815,Oahu,Honolulu,Waikiki,Accepted Without Conditions,2008-08-08,2008-08-05,2026-10-01
000224,321138,MARINER'S VILLAGE,574 HAHAIONE ST,Honolulu,96825,Oahu,Honolulu,Hawaii Kai,Accepted Without Conditions,2000-01-01,2000-01-01,2026-10-01
001249,526328,MARINER'S VILLAGE TWO,591 HAHAIONE STREET,Honolulu,96825,Oahu,Honolulu,Hawaii Kai,Accepted Without Conditions,2014-11-03,2014-11-03,2026-10-01
001567,590872,MARINERS PLACE TOWNHOMES (ALL,Increment) 91-1031 KAIMALIE ST,Ewa Beach,96706,Oahu,Honolulu,Ewa Beach,Accepted Without Conditions,2017-10-25,2017-09-20,2026-10-01
002267,638301,MARINERS VILLAGE 3,1100B WAINIHA STREET,Honolulu,96825,Oahu,Honolulu,Hawaii Kai,Accepted Without Conditions,2024-05-23,2024-05-15,2026-10-01
000234,321144,MATLOCK HALE,1326 KEEAUMOKU STREET,Honolulu,96814,Oahu,Honolulu,Kakaako/Ala Moana,Accepted Without Conditions,,,2026-10-01
002050,630380,MATLOCK VILLA,1223 MATLOCK AVE,Honolulu,96814,Oahu,Honolulu,Kakaako/Ala Moana,Accepted Without Conditions,2021-07-22,2021-07-16,2026-10-01
002134,633114,MAUKA MAKAI VIEWPOINT II,953 15TH AVENUE,Honolulu,96816,Oahu,Honolulu,Kaimuki/Kapahulu,Accepted Without Conditions,2022-06-01,2022-05-31,2026-10-01
002175,634887,MAUKA-MAKAI,54-136 HAUULA HOMESTEAD RD,Hauula,96717,Oahu,Honolulu,Hauula,Accepted Without Conditions,2023-02-28,2023-01-24,2026-10-01
001897,626475,MAUNA HALE ESTATES,84-810 FARRINGTON HWY,Waianae,96792,Oahu,Honolulu,Waianae/Makaha,Accepted Without Conditions,2020-09-14,2020-06-23,2026-10-01
000113,321055,MAUNA LUAN,511 HAHAIONE ST,Honolulu,96825,Oahu,Honolulu,Hawaii Kai,Accepted With Conditions,2018-06-08,2014-05-01,2026-10-01
000401,321292,MAUNAIHI APTS.,1025 MAUNAIHI PLACE,Honolulu,96822,Oahu,Honolulu,Makiki/Manoa,Accepted Without Conditions,,,2026-10-01
001034,441483,MAUNAIHI TERRACE,1031 MAUNAHIHI PLACE,Honolulu,96822,Oahu,Honolulu,Makiki/Manoa,Accepted Without Conditions,,2009-11-13,2026-10-01
000639,321503,"MAWAEA KAI, THE LANDING",7007 HAWAII KAI DRIVE,Honolulu,96825,Oahu,Honolulu,Hawaii Kai,Accepted Without Conditions,,,2026-10-01
000618,321484,MAWAENA KAI - PHASE I,7007 HAWAII KAI ROAD,Honolulu,96825,Oahu,Honolulu,Hawaii Kai,Accepted Without Conditions,,,2026-10-01
000667,321524,MAWAENA KAI III,7007 HAWAII KAI DRIVE,Honolulu,96825,Oahu,Honolulu,Hawaii Kai,Accepted Without Conditions,,,2026-10-01
000606,321473,MCCULLY VILLA,2121 ALGAROBA STREET,Honolulu,96826,Oahu,Honolulu,McCully/Moiliili,Accepted Without Conditions,,,2026-10-01
000105,94264,MEHEULA HALE PATIO HOMES,,Mililani,96789,Oahu,Honolulu,Mililani,Accepted Without Conditions,,,2026-10-01
000381,321274,MELEKUA HALE,47-650 MELEKULA RD.,Kaneohe,96744,Oahu,Honolulu,Kaneohe,Accepted Without Conditions,,,2026-10-01
000870,321701,MELELANI APARTMENTS,,Honolulu,96818,Oahu,Honolulu,Salt Lake/Moanalua,Accepted Without Conditions,,,2026-10-01
001401,566075,MERIDIAN EAST,14 AULIKE ST,Kailua,96734,Oahu,Honolulu,Kailua,Accepted Without Conditions,2016-08-11,2016-08-05,2026-10-01
001723,608748,MEYER ESTATES,84-674 FARRINGTON HWY,Waianae,96792,Oahu,Honolulu,Waianae/Makaha,Accepted With Conditions,2018-11-28,2018-11-13,2026-10-01
001687,605427,MEYER HALE,84-788 LAHAINA ST,Waianae,96792,Oahu,Honolulu,Waianae/Makaha,Accepted With Conditions,2018-07-24,2018-07-05,2026-10-01
000005,80699,MILILANI GRDN HOMES UNIT NO 1,KAHIKINUI CRT,Mililani,96789,Oahu,Honolulu,Mililani,Accepted Without Conditions,2000-01-01,2000-01-01,2026-10-01
000008,94204,MILILANI GRDN HOMES UNIT NO 2,95-455 KUAHELANI AVE,Mililani,96789,Oahu,Honolulu,Mililani,Accepted Without Conditions,2010-04-28,2010-04-28,2026-10-01
000138,321070,MILILANI MANOR,95-160 KIPAPA DR,Mililani,96789,Oahu,Honolulu,Mililani,Accepted Without Conditions,2000-01-01,2000-01-01,2026-10-01
000670,321526,MILILANI PARKWAY I,94 719/757 MEHEULA PKWY,Mililani,96789,Oahu,Honolulu,Mililani,Accepted Without Conditions,,,2026-10-01
000684,321538,MILILANI PARKWAY II,MEHEULA PARKWAY,Mililani,96789,Oahu,Honolulu,Mililani,Accepted Without Conditions,,,2026-10-01
000706,321557,MILILANI PARKWAY III,MEHEULA PARKWAY,Mililani,96789,Oahu,Honolulu,Mililani,Accepted Without Conditions,,,2026-10-01
000715,321564,MILILANI PARKWAY IV,MEHEULA PARKWAY,Mililani,96789,Oahu,Honolulu,Mililani,Accepted Without Conditions,,,2026-10-01
000687,321540,MILILANI PINNACLE,WAIOLEKA UALALEHU AHIKU,Mililani,96789,Oahu,Honolulu,Mililani,Accepted Without Conditions,2000-01-01,2000-01-01,2026-10-01
000689,321542,MILILANI PINNACLE II,95235 WAIOLEKA STREET,Mililani,96789,Oahu,Honolulu,Mililani,Accepted Without Conditions,,,2026-10-01
000808,321642,MILILANI POINT,95-   KUAHELANI AVE.,Mililani,96789,Oahu,Honolulu,Mililani,Accepted Without Conditions,,,2026-10-01
000323,94442,MILILANI TERRACE - AKA,"MILILANI TERRACE I,II,III,IV",Mililani,96789,Oahu,Honolulu,Mililani,Accepted Without Conditions,,2012-10-19,2026-10-01
000013,320992,MILILANI TOWNHOUSES,95-601 KIPAPA DR.,Mililani,96789,Oahu,Honolulu,Mililani,Accepted Without Conditions,2015-04-01,2015-04-01,2026-10-01
000524,321405,MILLER TERRACE,502 CAPTAN COOK AVE.,Honolulu,96813,Oahu,Honolulu,Downtown/Chinatown,Accepted Without Conditions,,,2026-10-01
000991,416863,MOANA KAI,HAWAII KAI DRIVE,Honolulu,96825,Oahu,Honolulu,Hawaii Kai,Accepted Without Conditions,2009-02-24,2009-02-24,2026-10-01
001372,560672,MOANA PACIFIC,PENSACOLA & PIIKOI,Honolulu,96814,Oahu,Honolulu,Kakaako/Ala Moana,Accepted With Conditions,2017-07-12,2016-05-09,2026-10-01
000433,321323,MOANALUA ESTATES,1745 ALA AMOAMO ST,Honolulu,96819,Oahu,Honolulu,Kalihi/Liliha,Accepted Without Conditions,,,2026-10-01
000221,467183,MOANALUA VILLAGE,1337 MOANALULANI PL,Honolulu,96819,Oahu,Honolulu,Kalihi/Liliha,Accepted Without Conditions,,2011-05-19,2026-10-01
001120,483404,MOKAPU,788/790/792 MOKAPU ROAD,Kailua,96734,Oahu,Honolulu,Kailua,Accepted With Conditions,,2012-06-25,2026-10-01
002244,637420,MOKULANI APARTMENTS,1716 KEEAUMOKU,Honolulu,96822,Oahu,Honolulu,Makiki/Manoa,Accepted Without Conditions,2024-01-29,2024-01-23,2026-10-01
000334,321231,MOKULEIA BEACH APARTMENTS,68-051 AKULE ST,Waialua,96791,Oahu,Honolulu,Waialua,Accepted Without Conditions,2000-01-01,2000-01-01,2026-10-01
001019,432083,MOKULEIA BEACH COLONY,68-615 FARRINGTON HWY,Waialua,96791,Oahu,Honolulu,Waialua,Accepted Without Conditions,2009-07-30,2009-07-30,2026-10-01
000370,321264,MOKULEIA COUNTRY HOMES,,Waialua,96791,Oahu,Honolulu,Waialua,Accepted Without Conditions,,,2026-10-01
000412,196629,MOKULEIA SANDS,68-55 AKULE ST.,Waialua,96791,Oahu,Honolulu,Waialua,Accepted Without Conditions,,,2026-10-01
001706,607174,MOKULEIA SHORES,68-041 WAIALUA BEACH RD,Waialua,96791,Oahu,Honolulu,Waialua,Accepted Without Conditions,2019-11-06,2018-09-11,2026-10-01
001359,557311,MOKULUA MANOR,1521 & 1521A MOKULUA DR,Kailua,96734,Oahu,Honolulu,Kailua,Accepted Without Conditions,2016-04-04,2016-03-29,2026-10-01
002281,638658,MOLEHU AT HO'OPILI,91-4098 HIKUONO STREET,Kapolei,96707,Oahu,Honolulu,Kapolei,Accepted With Conditions,2024-07-02,2024-06-26,2026-10-01
000322,321220,MOLOLANI PLACE,45-120 MOLOLANI PLACE,Kaneohe,96744,Oahu,Honolulu,Kaneohe,Accepted Without Conditions,,,2026-10-01
000344,321240,MONTE VISTA INC,320 LILIUOKALANI AVE,Honolulu,96815,Oahu,Honolulu,Waikiki,Accepted Without Conditions,2000-01-01,2000-01-01,2026-10-01
001461,577963,MONTECITO/TUSCANY (ALL PHASES),KANELA ST,Ewa Beach,96706,Oahu,Honolulu,Ewa Beach,Accepted Without Conditions,2019-12-16,2017-02-28,2026-10-01
002079,644930,MOOMUKU PLACE,298 AND 306 MOOMUKU PLACE,Honolulu,96821,Oahu,Honolulu,Hawaii Kai,Accepted Without Conditions,2026-08-12,2026-07-28,2026-10-01
000081,321036,MOORINGS,6370 HAWAII KAI DR,Honolulu,96825,Oahu,Honolulu,Hawaii Kai,Accepted Without Conditions,2000-01-01,2000-01-01,2026-10-01
001324,549472,MOTT-SMITH LANILOA,1717 MOTT-SMITH DR,Honolulu,96822,Oahu,Honolulu,Makiki/Manoa,Accepted With Conditions,2017-02-22,2015-11-20,2026-10-01
001528,586707,MOUNTAIN VIEW HALE,45-537 AND 45-537A KAPALAI RD,Kaneohe,96744,Oahu,Honolulu,Kaneohe,Accepted With Conditions,2017-07-26,2017-07-06,2026-10-01
000335,309556,MOUNTAINVIEW TERRACE,46-260 TO 46-480 KAHUHIPA,Kaneohe,96744,Oahu,Honolulu,Kaneohe,Accepted Without Conditions,2010-08-09,2010-08-09,2026-10-01
000478,321365,MT TERRACE,250 KAWAIHAE ST,Honolulu,96825,Oahu,Honolulu,Hawaii Kai,Accepted With Conditions,2018-01-25,2015-06-10,2026-10-01
001960,628258,MUUMUU,91-003 & 91-003A MUUMUU PL,Ewa Beach,96706,Oahu,Honolulu,Ewa Beach,Accepted Without Conditions,2020-12-07,2020-12-01,2026-10-01
000265,321171,NA PALI GARDENS,45-535 LULUKU RD,Kaneohe,96744,Oahu,Honolulu,Kaneohe,Accepted Without Conditions,2000-01-01,2000-01-01,2026-10-01
001262,529751,NAHAKU ESTATES,NAHAKU PLACE,Honolulu,96826,Oahu,Honolulu,McCully/Moiliili,Accepted Without Conditions,2015-01-15,2014-12-30,2026-10-01
001077,452983,NAHALEKEHA,98-1403 ONIKINIKI PLACE,Aiea,96701,Oahu,Honolulu,Aiea,Accepted Without Conditions,,2010-06-28,2026-10-01
002378,643147,NAHELE AT HOOPILI,91-3641 IWIKUAMOO STREET,Ewa Beach,96706,Oahu,Honolulu,Ewa Beach,Accepted Without Conditions,2026-01-28,2026-01-09,2026-10-01
000420,321310,NAHOA APARTMENTS,95-015 KUAHELANI AVE,Mililani,96789,Oahu,Honolulu,Mililani,Accepted Without Conditions,2000-01-01,2000-01-01,2026-10-01
001356,557011,NALANUI APARTMENTS,636 NALANUI ST,Honolulu,96819,Oahu,Honolulu,Kalihi/Liliha,Accepted Without Conditions,2016-03-31,2016-03-23,2026-10-01
000891,340780,NALANUI HALE,,Honolulu,96817,Oahu,Honolulu,Kalihi/Liliha,Accepted Without Conditions,2004-01-16,2004-01-16,2026-10-01
002017,629723,NALII ESTATES,94-1162 NALII STREET,Waipahu,96797,Oahu,Honolulu,Waipahu,Accepted Without Conditions,2021-05-17,2021-05-05,2026-10-01
000718,321566,NAMAHANA TERRACE,448 NAMAHANA STREET,Honolulu,96815,Oahu,Honolulu,Waikiki,Accepted Without Conditions,,,2026-10-01
002422,645024,NANAHEA AT HO'OPILI,91-3475 KAMAILEHOPE STREET,Ewa Beach,96706,Oahu,Honolulu,Ewa Beach,Accepted Without Conditions,2026-08-17,2026-08-05,2026-10-01
001065,449863,NANALA AT MEHANA,MANAWAI ST,Kapolei,96707,Oahu,Honolulu,Kapolei,Accepted Without Conditions,2010-04-28,2010-04-28,2026-10-01
001919,627347,NANEA AT KOA RIDGE - PHASE I,KAMEHAMEHA HIGHWAY,Waiphahu,96797,Oahu,Honolulu,Waipahu,Accepted With Conditions,2020-09-02,2020-08-25,2026-10-01
001921,627362,NANEA AT KOA RIDGE - PHASE II,KAMEHAMEHA HIGHWAY,Waipahu,96797,Oahu,Honolulu,Waipahu,Accepted With Conditions,2020-09-02,2020-08-25,2026-10-01
001971,628629,NANEA AT KOA RIDGE - PHASE III,KAMEHAMEHA HIGHWAY,Waipahu,96797,Oahu,Honolulu,Waipahu,Accepted With Conditions,2021-02-10,2021-01-14,2026-10-01
001970,628628,NANEA AT KOA RIDGE - PHASE IV,KAMEHAMEHA HIGHWAY,Waipahu,96797,Oahu,Honolulu,Waipahu,Accepted With Conditions,2021-02-09,2021-01-14,2026-10-01
002004,629466,NANEA AT KOA RIDGE PHASE IX,KAMEHAMEHA HIGHWAY,Waipahu,96797,Oahu,Honolulu,Waipahu,Accepted Without Conditions,2021-04-14,2021-04-11,2026-10-01
002060,630847,NANEA AT KOA RIDGE PHASE V,KAMEHAMEHA HIGHWAY,Waipahu,96797,Oahu,Honolulu,Waipahu,Accepted Without Conditions,2021-09-08,2021-09-03,2026-10-01
002034,630006,NANEA AT KOA RIDGE PHASE VI,KAMEHAMEHA HIGHWAY,Waipahu,96797,Oahu,Honolulu,Waipahu,Accepted With Conditions,2021-06-10,2021-06-07,2026-10-01
002073,631105,NANEA AT KOA RIDGE PHASE VII,KAMEHAMEHA HIGHWAY,Waipahu,96797,Oahu,Honolulu,Waipahu,Accepted Without Conditions,2021-10-07,2021-10-06,2026-10-01
002074,631106,NANEA AT KOA RIDGE PHASE VIII,KAMEHAMEHA HIGHWAY,Waipahu,96797,Oahu,Honolulu,Waipahu,Accepted Without Conditions,2021-11-01,2021-10-06,2026-10-01
002248,637582,NANEA II AT KOA RIDGE,KAMEHAMEHA HIGHWAY,Waipahu,96797,Oahu,Honolulu,Waipahu,Accepted With Conditions,2024-05-13,2024-02-15,2026-10-01
002359,642052,NANEA III AT KOA RIDGE,KAMEHAMEHA HIGHWAY,Waipahu,96797,Oahu,Honolulu,Waipahu,Accepted Without Conditions,2025-08-28,2025-08-14,2026-10-01
000129,462228,NANEA KAI,HAWAII KAI DRIVE,Honolulu,96825,Oahu,Honolulu,Hawaii Kai,Accepted With Conditions,2017-05-16,2011-01-24,2026-10-01
000159,94302,NANI KOOLAU,46232 KAHUHIPA STREET,Kaneohe,96744,Oahu,Honolulu,Kaneohe,Accepted Without Conditions,,,2026-10-01
001927,627528,NANIHALA,1099 GREEN ST,Honolulu,96822,Oahu,Honolulu,Makiki/Manoa,Accepted Without Conditions,2020-09-16,2020-09-08,2026-10-01
000103,321048,NANIWA GARDENS,,Honolulu,96825,Oahu,Honolulu,Hawaii Kai,Accepted Without Conditions,,,2026-10-01
000395,321286,NAPUA POINT,115 MAUNALUA AVE.,Honolulu,96821,Oahu,Honolulu,Hawaii Kai,Accepted Without Conditions,,,2026-10-01
000815,321649,NAUPAKA,68-099 AU ST,Waialua,96791,Oahu,Honolulu,Waialua,Accepted Without Conditions,2000-01-01,2000-01-01,2026-10-01
001506,583028,NAURU TOWER,1330 ALA MOANA BLVD,Honolulu,96814,Oahu,Honolulu,Kakaako/Ala Moana,Accepted With Conditions,2020-03-30,2017-05-16,2026-10-01
001719,608358,NEHOA PARK ESTATES,1303 NEHOA ST,Honolulu,96822,Oahu,Honolulu,Makiki/Manoa,Accepted Without Conditions,2018-11-28,2018-11-02,2026-10-01
000288,321192,NENEHIWA GARDENS,47-669 MELEKULA RD,Kaneohe,96744,Oahu,Honolulu,Kaneohe,Accepted Without Conditions,2018-09-20,2000-01-01,2026-10-01
001834,621908,NEW CAMP AT KAHUKU VILLAGE,56-419 KAMEHAMEHA HWY,Kahuku,96731,Oahu,Honolulu,Kahuku,Accepted Without Conditions,2019-12-11,2019-11-20,2026-10-01
FHA110,81573,NEWTOWN MEADOWS,98-633 KILINOE ST,Aiea,96701,Oahu,Honolulu,Aiea,Accepted Without Conditions,2014-11-25,2011-06-06,2026-10-01
000342,321238,NEWTOWN VILLA I,98-481 KILIOHU LP.,Aiea,96701,Oahu,Honolulu,Aiea,Accepted Without Conditions,,,2026-10-01
000301,321201,NEWTOWN VILLA II,98-404 KILIHEA WAY,Aiea,96701,Oahu,Honolulu,Aiea,Accepted Without Conditions,,,2026-10-01
000519,321400,NIHI GARDENS,3031 NIHI STREET,Honolulu,96819,Oahu,Honolulu,Kalihi/Liliha,Accepted Without Conditions,,,2026-10-01
000020,320997,NOB HILL I,,Mililani,96789,Oahu,Honolulu,Mililani,Accepted Without Conditions,,,2026-10-01
000009,80702,NOB HILL II,,Mililani,96789,Oahu,Honolulu,Mililani,Accepted Without Conditions,,,2026-10-01
000021,80714,NOB HILL III,94-180 ANANIA DR,Mililani,96789,Oahu,Honolulu,Mililani,Accepted Without Conditions,2000-01-01,2000-01-01,2026-10-01
000057,80740,NOB HILL IV,94-180 ANANIA DR,Mililani,96789,Oahu,Honolulu,Mililani,Accepted Without Conditions,2000-01-01,2000-01-01,2026-10-01
000925,377263,NOHONA  @ MILILANI MAUKA,I      PH. 1 BLDGS 1 - 6,Mililani,96789,Oahu,Honolulu,Mililani,Accepted Without Conditions,2007-05-30,2007-05-29,2026-10-01
001006,424224,NOHONA @ MILILANI MAUKA,PHASE 1,Mililani,96789,Oahu,Honolulu,Mililani,Accepted Without Conditions,2009-05-06,2009-05-06,2026-10-01
000927,377445,NOHONA @ MILILANI MAUKA,PH. III   BLDGS  13 - 18,Mililani,96789,Oahu,Honolulu,Mililani,Accepted Without Conditions,2007-08-20,2007-05-29,2026-10-01
001514,584049,NOHONA AT KAPOLEI (ALL PHASES),KAIAU AVE,Kapolei,96707,Oahu,Honolulu,Kapolei,Accepted Without Conditions,2017-07-05,2017-06-05,2026-10-01
000926,377444,NOHONA AT MILILANI MAUKA -,PHASE II  UKUWAI STREET,Mililani,96789,Oahu,Honolulu,Mililani,Accepted Without Conditions,2007-06-05,2007-05-29,2026-10-01
001093,459263,NOHONA II AT KAPOLEI,KAPOLEI,Kapolei,96707,Oahu,Honolulu,Kapolei,Accepted Without Conditions,2010-11-22,2010-11-22,2026-10-01
001011,425823,NOHONA II AT MILILANI,"MAUKA - PHASE 1, 2 & 3",Mililani,96789,Oahu,Honolulu,Mililani,Accepted Without Conditions,2009-06-02,2009-06-01,2026-10-01
001168,501106,NOHONA III AT KAPOLEI PH III,KAMAAHA LOOP,Kapolei,96707,Oahu,Honolulu,Kapolei,Accepted With Conditions,2013-06-06,2013-05-08,2026-10-01
001180,504948,NOHONA III AT KAPOLEI PHASE 4,KAMAHA LOOP,Kapolei,96707,Oahu,Honolulu,Kapolei,Accepted With Conditions,2013-08-22,2013-08-22,2026-10-01
001160,496125,NOHONA III AT KAPOLEI PHASE I,KAMA'AHA LP,Kapolei,96707,Oahu,Honolulu,Kapolei,Accepted With Conditions,2013-02-25,2013-02-25,2026-10-01
001162,498404,NOHONA III AT KAPOLEI PHASE II,KAMAAHA LOOP,Kapolei,96707,Oahu,Honolulu,Kapolei,Accepted Without Conditions,2020-07-20,2013-03-04,2026-10-01
001178,504946,NOHONA III AT KAPOLEI PHASE V,KAMAHA LOOP,Kapolei,96707,Oahu,Honolulu,Kapolei,Accepted With Conditions,2013-08-22,2013-08-22,2026-10-01
000014,196315,NORTHBROOK (MELEMANU WDLN,,Waipio,96789,Oahu,Honolulu,Mililani,Accepted Without Conditions,,,2026-10-01
002402,644124,NORTHBROOK MELEMANU WOODLANDS,95-2027 WAIKALANI PL,Mililani,96789,Oahu,Honolulu,Mililani,Accepted Without Conditions,2026-05-27,2026-04-22,2026-10-01
001899,626497,NORTHPARK BY GENTRY I,91-1841 KEAUNUI DR,Ewa Beach,96706,Oahu,Honolulu,Ewa Beach,Accepted With Conditions,2020-07-06,2020-06-24,2026-10-01
001934,627810,NORTHPARK BY GENTRY II,91-1841 KEAUNUI DRIVE,Ewa Beach,96706,Oahu,Honolulu,Ewa Beach,Accepted With Conditions,2020-10-28,2020-10-05,2026-10-01
002084,631417,NORTHPARK BY GENTRY III,91-1841 KEAUNUI DRIVE,Ewa Beach,96706,Oahu,Honolulu,Ewa Beach,Accepted With Conditions,2021-11-18,2021-11-09,2026-10-01
002131,632998,NORTHPARK BY GENTRY IV,91-1841 KEAUNUI DRIVE,Ewa Beach,96706,Oahu,Honolulu,Ewa Beach,Accepted With Conditions,2022-05-17,2022-05-16,2026-10-01
FHA112,321797,NORTHPOINTE,95-1001-9(ODD)KAAPEHA ST,Mililani,96789,Oahu,Honolulu,Mililani,Accepted Without Conditions,2000-01-01,2000-01-01,2026-10-01
FHA116,321801,NORTHPOINTE  PH V,,Mililani,96789,Oahu,Honolulu,Mililani,Accepted Without Conditions,,,2026-10-01
FHA113,321798,NORTHPOINTE - PHASE II,95-1011 KAAPEHA ST,Mililani,96789,Oahu,Honolulu,Mililani,Accepted Without Conditions,2000-01-01,2000-01-01,2026-10-01
000252,597295,NORTHPOINTE - PHASE IV,95-1045 KAAPEHA ST,Mililani,96782,Oahu,Honolulu,Pearl City,Accepted With Conditions,2018-02-12,2018-01-19,2026-10-01
001415,569254,NORTHPOINTE AT MILILANI (BOTH,PHASES) 93-1031 & 1043 KAAPEHA,Mililani,96789,Oahu,Honolulu,Mililani,Accepted Without Conditions,2016-10-04,2016-09-23,2026-10-01
001594,593732,NORTHPOINTE TERRACE PHASE I,95-1059 KAAPEHA ST,Mililani,96782,Oahu,Honolulu,Pearl City,Accepted Without Conditions,2017-12-04,2017-11-07,2026-10-01
001407,568412,NU`OLI,91-021 PEEONE PL,Ewa Beach,96706,Oahu,Honolulu,Ewa Beach,Accepted Without Conditions,2016-09-22,2016-09-12,2026-10-01
000163,94306,NUUANU BROOKSIDE,55 S JUDD ST,Honolulu,96817,Oahu,Honolulu,Kalihi/Liliha,Accepted With Conditions,2019-01-28,2000-01-01,2026-10-01
002011,629623,NUUANU COURT,40 ILIAHI ST,Honolulu,96817,Oahu,Honolulu,Kalihi/Liliha,Accepted Without Conditions,2021-04-29,2021-04-26,2026-10-01
000506,321389,NUUANU PARK PLACE,1720 HUNA STREET,Honolulu,96817,Oahu,Honolulu,Kalihi/Liliha,Accepted Without Conditions,,,2026-10-01
001132,485884,NUUANU PARKSIDE,2047 NUUANU AVE,Honolulu,96817,Oahu,Honolulu,Kalihi/Liliha,Accepted With Conditions,,2012-08-20,2026-10-01
002356,641975,NUUANU PLACE,24 HIALOA ST,Honolulu,96817,Oahu,Honolulu,Kalihi/Liliha,Accepted Without Conditions,2025-08-15,2025-08-05,2026-10-01
000522,321403,NUUANU TERRACE,2050 NUUANU AVE,Honolulu,96817,Oahu,Honolulu,Kalihi/Liliha,Accepted Without Conditions,,,2026-10-01
000448,321337,NUUANU TOWERS,2055 NUUANU AVE.,Honolulu,96817,Oahu,Honolulu,Kalihi/Liliha,Accepted Without Conditions,,,2026-10-01
000368,321262,OAHU SURF I,419-431 KEONIANA,Honolulu,96815,Oahu,Honolulu,Waikiki,Accepted Without Conditions,,2010-08-20,2026-10-01
000379,321272,OAHU SURF II,439-447 KEONIANA ST,Honolulu,96815,Oahu,Honolulu,Waikiki,Accepted Without Conditions,,,2026-10-01
001825,619803,OCEAN BREEZE PLAZA,68-122/124/126/128 AU ST,Waialua,96791,Oahu,Honolulu,Waialua,Accepted Without Conditions,2019-11-06,2019-10-04,2026-10-01
002270,638375,OCEAN POINTE,91-1081 KAILEOLEA DR,Ewa Beach,96706,Oahu,Honolulu,Ewa Beach,Accepted Without Conditions,2024-06-06,2024-05-24,2026-10-01
000905,360860,OCEAN RIDGE AT MAKAKILO,ELELE ST,Kapolei,96707,Oahu,Honolulu,Kapolei,Accepted With Conditions,2020-07-01,2006-05-11,2026-10-01
000292,321194,OCEAN VIEW,1614 EMERSON ST.,Honolulu,96813,Oahu,Honolulu,Downtown/Chinatown,Accepted Without Conditions,,,2026-10-01
001799,616439,OCEAN VISTA,3033 ALA ILIMA ST,Honolulu,96818,Oahu,Honolulu,Salt Lake/Moanalua,Accepted Without Conditions,2019-08-13,2019-07-09,2026-10-01
002347,641694,OCEANSIDE MANOR,3015 KALAKAUA AVE,Honolulu,96815,Oahu,Honolulu,Waikiki,Accepted Without Conditions,2025-07-09,2025-07-02,2026-10-01
001599,606391,ODE RANCHO,1447 KEWALO ST,Honolulu,96822,Oahu,Honolulu,Makiki/Manoa,Accepted Without Conditions,2018-08-30,2018-08-08,2026-10-01
002318,639990,OHANA HALE MA WEKIU O WAILELE,45-1039 WAILELE RD,Kaneohe,96744,Oahu,Honolulu,Kaneohe,Accepted Without Conditions,2024-12-11,2024-12-09,2026-10-01
001492,581062,OHELOKAI OCEANVIEW ESTATES,51-11A OHELOKAI RD,Kaaawa,96818,Oahu,Honolulu,Salt Lake/Moanalua,Accepted With Conditions,2017-05-22,2017-04-07,2026-10-01
001603,594553,OILIPUAOKALEI ESTATE,"41-1698A&B,41-1694A&B KALANIAN",Waimanalo,96795,Oahu,Honolulu,Waimanalo,Accepted With Conditions,2018-01-04,2017-11-22,2026-10-01
000988,415245,OLALOA,95-1050 MAKAIKAI STREET,Mililani,96789,Oahu,Honolulu,Mililani,Accepted Without Conditions,2009-02-06,2009-02-02,2026-10-01
001236,521067,OLIVE AVENUE ESTATES,246 OLIVE AVENUE,Wahiawa,96786,Oahu,Honolulu,Wahiawa,Accepted Without Conditions,2018-01-05,2014-07-28,2026-10-01
000548,469925,OLOHU/HAAHAA,,Kaaawa,96730,Oahu,Honolulu,Kaaawa,Accepted Without Conditions,,2011-07-19,2026-10-01
001454,576759,ONAGA ESTATES,87-554 FARRINGTON HWY,Waianae,96792,Oahu,Honolulu,Waianae/Makaha,Accepted Without Conditions,2017-02-15,2017-02-06,2026-10-01
000947,390891,ONE ARCHER LANE,801 S. KING STREET,Honolulu,96813,Oahu,Honolulu,Downtown/Chinatown,Accepted Without Conditions,2008-03-11,2008-03-11,2026-10-01
001037,442903,ONE WATERFRONT TOWERS,415 & 425 SOUTH STREET,Honolulu,96813,Oahu,Honolulu,Downtown/Chinatown,Accepted Without Conditions,2018-10-15,2009-12-02,2026-10-01
000177,464383,ONEAWA ESTATES,936 ONEAWA ST.,Kailua,96734,Oahu,Honolulu,Kailua,Accepted Without Conditions,,2011-03-23,2026-10-01
001928,627649,ONEULA SURFSIDE,91-701 & 91-702 ONEULA PL,Ewa Beach,96706,Oahu,Honolulu,Ewa Beach,Accepted Without Conditions,2020-10-01,2020-09-17,2026-10-01
000130,321066,ONO VISTA,68-090 AU ST/68-024 APUHI,Waialua,96791,Oahu,Honolulu,Waialua,Accepted Without Conditions,2016-02-29,2016-02-29,2026-10-01
000095,80768,OPUA HALE PATIO HOMES,KEOOPUA ST,Mililani,96789,Oahu,Honolulu,Mililani,Accepted Without Conditions,2017-08-08,2015-06-09,2026-10-01
002049,630324,OUTRIGGER AT KAILUA BEACH,481 KAWAILOA ROAD,Honolulu,96734,Oahu,Honolulu,Kailua,Accepted Without Conditions,2021-07-12,2021-07-08,2026-10-01
001400,565732,PAALAA ESTATES I,66-340 PAALAA RD,Haleiwa,96712,Oahu,Honolulu,Haleiwa/North Shore,Accepted Without Conditions,2016-08-09,2016-08-03,2026-10-01
002141,633325,PACIFIC GARDENS I,795 MCNEILL STREET,Honolulu,96817,Oahu,Honolulu,Kalihi/Liliha,Accepted Without Conditions,2022-06-30,2022-06-23,2026-10-01
002043,630205,PACIFIC GRAND,747 AMANA ST,Honolulu,96814,Oahu,Honolulu,Kakaako/Ala Moana,Accepted Without Conditions,2021-07-12,2021-06-26,2026-10-01
001767,611654,PACIFIC HEIGHTS GARDEN LANAIS,2751/55/57 PAC HEIGHTS RD,Honolulu,96813,Oahu,Honolulu,Downtown/Chinatown,Accepted Without Conditions,2019-03-26,2019-03-19,2026-10-01
002311,639743,PACIFIC INTERNATIONAL CONDO,2509 ALA WAI BOULEVARD,Honolulu,96815,Oahu,Honolulu,Waikiki,Accepted Without Conditions,2024-11-15,2024-11-05,2026-10-01
002217,636443,PACIFIC ISLANDER,249 KAPILI STREET,Honolulu,96815,Oahu,Honolulu,Waikiki,Accepted Without Conditions,2023-09-05,2023-08-21,2026-10-01
000347,321242,PACIFIC MANOR,785 KINAU ST,Honolulu,96813,Oahu,Honolulu,Downtown/Chinatown,Accepted Without Conditions,,,2026-10-01
000064,321025,PACIFIC VILLAGE,98-282 UALO ST,Aiea,96701,Oahu,Honolulu,Aiea,Accepted Without Conditions,2000-01-01,2000-01-01,2026-10-01
000072,321030,PACIFIC VILLAGE ANNEX,,Pearl City,96782,Oahu,Honolulu,Pearl City,Accepted Without Conditions,,,2026-10-01
000494,469725,PACIFICA HONOLULU,1009 KAPIOLANI BLVD.,Honolulu,96814,Oahu,Honolulu,Kakaako/Ala Moana,Accepted Without Conditions,2013-10-01,2013-10-01,2026-10-01
001318,548112,PACIFICANA ATLAS,1125 YOUNG ST,Honolulu,96814,Oahu,Honolulu,Kakaako/Ala Moana,Accepted Without Conditions,2015-11-02,2015-10-28,2026-10-01
001582,592812,PAE KO GARDENS,HONOULIULI,Ewa Beach,96706,Oahu,Honolulu,Ewa Beach,Accepted Without Conditions,2017-10-25,2017-10-23,2026-10-01
000486,321372,PAHIKAUA PL,,Kaneohe,96744,Oahu,Honolulu,Kaneohe,Accepted Without Conditions,,,2026-10-01
000025,320999,PAKALANA,1571 PIIKOI ST,Honolulu,96822,Oahu,Honolulu,Makiki/Manoa,Accepted Without Conditions,,,2026-10-01
001240,521608,PAKIOLANI ESTATES,"45-591, 45-593 A-D PALEKA RD.",Kaneohe,96744,Oahu,Honolulu,Kaneohe,Accepted With Conditions,2014-08-11,2014-07-28,2026-10-01
001419,570073,PALANI HALE,708 PALANI AVE,Honolulu,96816,Oahu,Honolulu,Kaimuki/Kapahulu,Accepted Without Conditions,2016-10-23,2016-10-12,2026-10-01
000067,80750,PALEHUA GARDENS (ALL PHASES),92-1021 MAKAKILO DR,Ewa Beach,96707,Oahu,Honolulu,Kapolei,Accepted Without Conditions,2000-01-01,2000-01-01,2026-10-01
000085,321039,PALEHUA HALE  I - III,,Makakilo,96707,Oahu,Honolulu,Kapolei,Accepted Without Conditions,,,2026-10-01
000137,80799,PALEHUA HILLSIDE (ALL PHASES),92-1286 KIKAHA ST,Ewa Beach,96707,Oahu,Honolulu,Kapolei,Accepted Without Conditions,2019-12-22,2000-01-01,2026-10-01
001764,611609,"PALEHUA NANI (PHASE 1, 2, & 3)",92-1230 MAKAKILO DR,Kapolei,96707,Oahu,Honolulu,Kapolei,Accepted Without Conditions,2019-05-07,2019-03-14,2026-10-01
000006,80700,PALEHUA TOWNHOUSES (BOTH,PHASES) 92-988 PANANA STREET,Kapolei,96707,Oahu,Honolulu,Kapolei,Accepted Without Conditions,2012-10-09,2012-10-09,2026-10-01
001771,611759,PALEHUA VILLAS (ALL PHASES),92-1124 PANANA ST,Ewa Beach,96707,Oahu,Honolulu,Kapolei,Accepted Without Conditions,2019-04-03,2019-03-26,2026-10-01
000691,321544,PALM COURT I (ALL PHASES),91-989/969 PUAMAE'OLE ST,Ewa Beach,96706,Oahu,Honolulu,Ewa Beach,Accepted With Conditions,2018-03-08,2000-01-01,2026-10-01
000678,321533,PALM COURT II (ALL PHASES),PUAMAE'OLE ST,Ewa Beach,96706,Oahu,Honolulu,Ewa Beach,Accepted With Conditions,2018-03-08,2012-09-06,2026-10-01
000679,321534,PALM COURT III (ALL PHASES),KOLOWAKA DR,Ewa Beach,96706,Oahu,Honolulu,Ewa Beach,Accepted Without Conditions,2018-03-08,2011-02-17,2026-10-01
000153,321080,PALM GROVE,87-505 KULAAUPUN STREET,Waianae,96792,Oahu,Honolulu,Waianae/Makaha,Accepted Without Conditions,,,2026-10-01
001337,553791,PALM PLACE,68-069 & 68-071 AKULE ST,Waialua,96791,Oahu,Honolulu,Waialua,Accepted With Conditions,2016-02-18,2016-02-09,2026-10-01
000674,321530,PALM VILLAS,91-1019-1069 PUAMAEOLE ST,Ewa Beach,96706,Oahu,Honolulu,Ewa Beach,Accepted With Conditions,2000-02-01,2000-02-01,2026-10-01
001561,590249,PALM VILLAS II (ALL INCREMENT),PUAMAE'OLE ST,Ewa Beach,96706,Oahu,Honolulu,Ewa Beach,Accepted Without Conditions,2017-09-17,2017-09-08,2026-10-01
000685,81304,PALM VILLAS INCREMENT II,PUAMAE'OLE ST,Ewa Beach,96706,Oahu,Honolulu,Ewa Beach,Accepted Without Conditions,2011-04-29,2011-04-29,2026-10-01
000686,321539,PALM VILLAS INCREMENT III,PUAMAE'OLE ST,Ewa Beach,96706,Oahu,Honolulu,Ewa Beach,Accepted With Conditions,2011-04-29,2011-04-29,2026-10-01
000692,321545,PALM VILLAS INCREMENT IV,PUAMAE'OLE ST,Ewa Beach,96706,Oahu,Honolulu,Ewa Beach,Accepted With Conditions,2011-04-29,2011-04-29,2026-10-01
000693,321546,PALM VILLAS V,,Ewa Beach,96706,Oahu,Honolulu,Ewa Beach,Accepted With Conditions,,2011-04-29,2026-10-01
000694,321547,PALM VILLAS VI,,Ewa Beach,96706,Oahu,Honolulu,Ewa Beach,Accepted With Conditions,,2011-04-29,2026-10-01
001664,604664,PALOLO GARDEN,2138 & 2140 10TH AVE,Honolulu,96816,Oahu,Honolulu,Kaimuki/Kapahulu,Accepted Without Conditions,2018-05-30,2018-05-17,2026-10-01
001596,593872,PALOLO HIGHLAND ESTATES,1919 10TH AVE,Honolulu,96816,Oahu,Honolulu,Kaimuki/Kapahulu,Accepted With Conditions,2017-11-14,2017-11-07,2026-10-01
002087,631557,PALOLO LANDING,2117 PALOLO AVE,Honolulu,96816,Oahu,Honolulu,Kaimuki/Kapahulu,Accepted Without Conditions,2021-11-30,2021-11-23,2026-10-01
001999,629325,PALOLO PARADISE PLACE,2123 10TH AVE,Honolulu,96816,Oahu,Honolulu,Kaimuki/Kapahulu,Accepted Without Conditions,2021-04-01,2021-03-30,2026-10-01
000717,321565,PALOLO PARTNERS,2519 2519A B C LA'I RD,Honolulu,96816,Oahu,Honolulu,Kaimuki/Kapahulu,Accepted Without Conditions,2000-01-01,2000-01-01,2026-10-01
002332,640616,PALOS VERDES CONDOMINIUM 2,87-1292 FARRINGTON HWY,Waianae,96792,Oahu,Honolulu,Waianae/Makaha,Accepted Without Conditions,2025-03-11,2025-03-04,2026-10-01
000597,321465,PAN PACIFIC,922 KAPAHULU AVENUE,Honolulu,96816,Oahu,Honolulu,Kaimuki/Kapahulu,Accepted Without Conditions,,,2026-10-01
001110,480105,PARADISE VIEW ESTATE,45-029/A LILIPUNA ROAD,Kaneohe,96744,Oahu,Honolulu,Kaneohe,Accepted Without Conditions,,2012-04-13,2026-10-01
000202,321122,PARK@PEARLRIDGE INC THE,98-501 KOAUKA LOOP,Aiea,96701,Oahu,Honolulu,Aiea,Accepted Without Conditions,2000-01-01,2000-01-01,2026-10-01
001592,593712,PARKGLEN AT WAIKELE,94-600-652(EVN) LUMIAINA,Waipahu,96797,Oahu,Honolulu,Waipahu,Accepted Without Conditions,2017-12-04,2017-11-07,2026-10-01
000160,321085,PARKLAND GARDENS,2714 KAHOALOHA LANE,Honolulu,96826,Oahu,Honolulu,McCully/Moiliili,Accepted Without Conditions,,,2026-10-01
001230,518526,PARKSIDE BY GENTRY I,91-6221 KAPOLEI PKWY,Ewa Beach,96706,Oahu,Honolulu,Ewa Beach,Accepted With Conditions,2014-06-16,2014-06-05,2026-10-01
001266,531630,PARKSIDE BY GENTRY II,91-6221 KAPOLEI PKWY,Ewa Beach,96706,Oahu,Honolulu,Ewa Beach,Accepted With Conditions,2015-02-18,2015-02-02,2026-10-01
001299,545091,PARKSIDE BY GENTRY III,91-6221 KAPOLEI PKWY,Ewa Beach,96706,Oahu,Honolulu,Ewa Beach,Accepted With Conditions,2015-09-10,2015-07-01,2026-10-01
001376,561432,PARKSIDE BY GENTRY IV,91-6221 KAPOLEI PARKWAY,Ewa Beach,96706,Oahu,Honolulu,Ewa Beach,Accepted With Conditions,2016-06-01,2016-05-17,2026-10-01
001114,481624,PARKSIDE TOWER,2222 CITRON ST,Honolulu,96826,Oahu,Honolulu,McCully/Moiliili,Accepted With Conditions,2012-05-17,2012-05-17,2026-10-01
001532,586987,PARKVIEW AT WAIKELE,FRONTING LUMIAINA,Waipahu,96797,Oahu,Honolulu,Waipahu,Accepted Without Conditions,2017-08-02,2017-07-18,2026-10-01
000266,321172,PARKVIEW VILLAGE,94615 KUPUNA LP,Waipahu,96797,Oahu,Honolulu,Waipahu,Accepted Without Conditions,,,2026-10-01
000251,321158,PARKWAY C-1,45451 MOKULELE DR.,Kaneohe,96744,Oahu,Honolulu,Kaneohe,Accepted Without Conditions,,,2026-10-01
000296,321198,PARKWAY PHASE B-1,,Kaneohe,96744,Oahu,Honolulu,Kaneohe,Accepted Without Conditions,,,2026-10-01
000212,321129,PARKWAY PHASE C-2,45450 OPUHEA PLACE,Kaneohe,96744,Oahu,Honolulu,Kaneohe,Accepted Without Conditions,,,2026-10-01
000133,321068,"PARKWAY, PHASE A",45409 MOKULELE DR,Kaneohe,96744,Oahu,Honolulu,Kaneohe,Accepted Without Conditions,,,2026-10-01
000087,321041,PAT'S AT PUNALUU,53-567 KAM HWY,Hauula,96717,Oahu,Honolulu,Hauula,Accepted Without Conditions,2000-01-01,2000-01-01,2026-10-01
000569,321443,PAUAHI GARDENS,617 MCNEILL STREET,Kalihi,96817,Oahu,Honolulu,Kalihi/Liliha,Accepted Without Conditions,,,2026-10-01
002114,632506,PAUMALU OHANA,58-356 KAMEHAMEHA HWY B.,Haleiwa,96712,Oahu,Honolulu,Haleiwa/North Shore,Accepted Without Conditions,2022-04-06,2022-03-23,2026-10-01
000365,321259,PAVILION AT WAIKIKI THE,1925 KALAKAUA AVE,Honolulu,96815,Oahu,Honolulu,Waikiki,Accepted Without Conditions,2000-01-01,2000-01-01,2026-10-01
002166,634543,PAWAA GARDENS,1627 YOUNG ST,Honolulu,96826,Oahu,Honolulu,McCully/Moiliili,Accepted Without Conditions,2022-12-08,2022-12-01,2026-10-01
001835,621909,PEARL CITY HAVEN,931 933 935 937 FOURTH ST,Pearl City,96782,Oahu,Honolulu,Pearl City,Accepted Without Conditions,2019-12-11,2019-11-20,2026-10-01
000526,321407,PEARL HARBOR GARDENS,94125 PAHU STREET,Waipahu,96797,Oahu,Honolulu,Waipahu,Accepted Without Conditions,,,2026-10-01
000267,94391,PEARL HORIZONS I,98640 MOANALUA LP,Aiea,96701,Oahu,Honolulu,Aiea,Accepted Without Conditions,,,2026-10-01
000741,321584,"PEARL HORIZONS II, A&B",98660 MOANALUA LOOP,Aiea,96701,Oahu,Honolulu,Aiea,Accepted Without Conditions,,,2026-10-01
000610,321477,PEARL HORIZONS III-A,98640 MOANALUA ROAD,Aiea,96701,Oahu,Honolulu,Aiea,Accepted Without Conditions,,,2026-10-01
000669,321525,PEARL HORIZONS III-B,98 640 MOANALUA LOOP,Aiea,96701,Oahu,Honolulu,Aiea,Accepted Without Conditions,,,2026-10-01
000540,321418,PEARL KAI TERRACE,834 LEHUA AVE,Pearl City,96782,Oahu,Honolulu,Pearl City,Accepted Without Conditions,,,2026-10-01
001872,625815,PEARL MANOR APARTMENTS,98-120 LIPOA PL,Aiea,96701,Oahu,Honolulu,Aiea,Accepted Without Conditions,2020-04-16,2020-04-01,2026-10-01
000124,321061,PEARL ONE,98-500 KOAUKA LP,Aiea,96701,Oahu,Honolulu,Aiea,Accepted Without Conditions,,,2026-10-01
000893,343320,PEARL RDGE GDN&PEARL RDGE TWR,98-1030 MOANALUA RD,Honolulu,96701,Oahu,Honolulu,Aiea,Accepted With Conditions,2019-10-11,2004-04-21,2026-10-01
000172,321096,PEARL REGENCY,98-402 KOAUKA LOOP,Aiea,96701,Oahu,Honolulu,Aiea,Accepted Without Conditions,1982-01-01,1982-01-01,2026-10-01
002300,639347,PEARL RIDGE GARDENS & TOWER,98-1030 TO 1042 MOANULUA RD.,Aiea,96701,Oahu,Honolulu,Aiea,Accepted Without Conditions,2024-10-04,2024-10-02,2026-10-01
000167,321091,PEARL RIDGE TERRACE,98729 MOANALUA LOOP,Aiea,96701,Oahu,Honolulu,Aiea,Accepted Without Conditions,,,2026-10-01
000099,321046,PEARL TWO,98-410 KOAUKA LP,Aiea,96701,Oahu,Honolulu,Aiea,Accepted Without Conditions,,,2026-10-01
002177,634891,PEARLRIDGE GARDEN & TOWER,98-1032 MOANALUA ROAD,Aiea,96701,Oahu,Honolulu,Aiea,Accepted Without Conditions,2023-02-15,2023-01-24,2026-10-01
000389,321281,PEARLRIDGE SQUARE,98-288 KAONOHI ST,Aiea,96701,Oahu,Honolulu,Aiea,Accepted Without Conditions,2000-01-01,2000-01-01,2026-10-01
000913,369103,PEARLRIDGE SUNSET,98-080 UAO PLACE,Aiea,96701,Oahu,Honolulu,Aiea,Accepted Without Conditions,2007-02-13,2006-11-06,2026-10-01
000542,321420,PELE APARTMENTS,402 IOLANI AVENUE,Honolulu,96813,Oahu,Honolulu,Downtown/Chinatown,Accepted Without Conditions,,,2026-10-01
000797,308250,PENAKII,PAPA HEHI/KIPAA PLACE,Waipahu,96797,Oahu,Honolulu,Waipahu,Accepted Without Conditions,,,2026-10-01
000992,416864,PENINSULA AT HAWAII KAI (ALL,PROJS) 520 & 580 LUNALILO HOME,Honolulu,96825,Oahu,Honolulu,Hawaii Kai,Accepted With Conditions,2020-10-28,2009-02-26,2026-10-01
000390,94504,PENSACOLA GARDENS CONDOMINIUM,1524 PENSACOLA ST,Honolulu,96822,Oahu,Honolulu,Makiki/Manoa,Accepted Without Conditions,2000-01-01,2000-01-01,2026-10-01
001913,627319,PERRYDISE,59-499 KE WAENA ST,Haleiwa,96712,Oahu,Honolulu,Haleiwa/North Shore,Accepted Without Conditions,2020-09-23,2020-08-21,2026-10-01
002026,629808,PIERPAOLO CONDOMINIUM PROJECT,66-350 WAIALUA BEACH ROAD A-B,Waialua,96712,Oahu,Honolulu,Haleiwa/North Shore,Accepted Without Conditions,2021-06-02,2021-05-14,2026-10-01
000187,321109,PIIKOI ATRIUM,1441 PIIKOI STREET,Honolulu,96822,Oahu,Honolulu,Makiki/Manoa,Accepted Without Conditions,,,2026-10-01
002075,631122,PIIKOI HALE,1512 PIIKOI STREET,Honolulu,96822,Oahu,Honolulu,Makiki/Manoa,Accepted Without Conditions,2021-10-25,2021-10-07,2026-10-01
000237,321146,PIIKOI PLAZA,725 PIIKOI STREET,Honolulu,96814,Oahu,Honolulu,Kakaako/Ala Moana,Accepted Without Conditions,,,2026-10-01
000995,418903,PIIKOI TERRACE,1314 PIIKOI ST,Honolulu,96814,Oahu,Honolulu,Kakaako/Ala Moana,Accepted With Conditions,2009-03-13,2009-03-11,2026-10-01
000119,321058,PIIKOI TOWER INC,1556 PIIKOI ST,Honolulu,96822,Oahu,Honolulu,Makiki/Manoa,Accepted Without Conditions,2000-01-01,2000-01-01,2026-10-01
000240,321149,PIIKOI VILLA,1452 LIHOLIHO STREET,Honolulu,96822,Oahu,Honolulu,Makiki/Manoa,Accepted Without Conditions,,,2026-10-01
000530,321409,PIKAKE MANOR,3148 ALA ILIMA ST,Honolulu,96818,Oahu,Honolulu,Salt Lake/Moanalua,Accepted Without Conditions,2000-01-01,2000-01-01,2026-10-01
000029,321003,PINE KNOLL VILLAS,,Mililani,96789,Oahu,Honolulu,Mililani,Accepted Without Conditions,,,2026-10-01
000960,400663,PLANTATION TOWN APARTMENTS,94-979 KAUOLU PL,Waipahu,96797,Oahu,Honolulu,Waipahu,Accepted Without Conditions,2008-07-11,2008-06-27,2026-10-01
000594,94684,PLANTATION VIEW HALE,94-249 WAIKELE RD,Waipahu,96797,Oahu,Honolulu,Waipahu,Accepted Without Conditions,2000-01-01,2000-01-01,2026-10-01
000257,321164,PLAZA AT CENTURY COURT,2542 DATE ST,Honolulu,96826,Oahu,Honolulu,McCully/Moiliili,Accepted Without Conditions,2000-01-01,2000-01-01,2026-10-01
000297,309520,PLAZA LANDMARK,5333 LIKINI ST.,Honolulu,96818,Oahu,Honolulu,Salt Lake/Moanalua,Accepted Without Conditions,,,2026-10-01
000703,309883,PLUMERIA HALE,2630 KAPIOLANI BLVD.,Honolulu,96826,Oahu,Honolulu,McCully/Moiliili,Accepted Without Conditions,,,2026-10-01
001941,627881,POAMOHO CAMP,71-045 KAMEHAMEHA HWY,Wahiawa,96786,Oahu,Honolulu,Wahiawa,Accepted Without Conditions,2020-11-05,2020-10-14,2026-10-01
000443,321332,POHA KEA POINT PHASE III (ALL,INCREMENTS) LILIPUNA RD,Kaneohe,96744,Oahu,Honolulu,Kaneohe,Accepted Without Conditions,2009-05-21,2009-05-21,2026-10-01
001053,447684,POHA KEA POINT PHASE IV,KONOHIKI ST & KONANE PL,Kaneohe,96744,Oahu,Honolulu,Kaneohe,Accepted Without Conditions,2010-03-05,2010-03-05,2026-10-01
001485,580621,POHAKALA AT MEHANA,KAKALA ST & KAMAAHA ST,Kapolei,96707,Oahu,Honolulu,Kapolei,Accepted With Conditions,2017-09-28,2017-04-06,2026-10-01
001153,494985,POHAKUPUNA OCEANVIEW ESTATES,91-693 POHAKUPUNA ROAD,Ewa Beach,96706,Oahu,Honolulu,Ewa Beach,Accepted Without Conditions,2013-02-05,2013-02-05,2026-10-01
000290,309514,POINCIANA MANOR,1015 AOLOA PL,Kailua,96734,Oahu,Honolulu,Kailua,Accepted Without Conditions,2020-07-01,2000-01-01,2026-10-01
002030,629953,POINT AT LILIPUNA,45-013 LILIPUNA ROAD,Kaneohe,96744,Oahu,Honolulu,Kaneohe,Accepted Without Conditions,2021-06-08,2021-06-01,2026-10-01
001830,620908,POKAI BAY,85-065 & 85-065A WAIANAE VALLE,Waianae,96792,Oahu,Honolulu,Waianae/Makaha,Accepted Without Conditions,2019-12-11,2019-11-01,2026-10-01
002395,643742,POKAI BAY II,85-075 WAIANAE VALLEY ROAD,Waianae,96792,Oahu,Honolulu,Waianae/Makaha,Accepted Without Conditions,2026-04-16,2026-03-23,2026-10-01
000664,321521,POKAI BAY MARINA,85-003 POKAI BAY ST,Waianae,96792,Oahu,Honolulu,Waianae/Makaha,Accepted Without Conditions,2000-01-01,2000-01-01,2026-10-01
001170,501108,POMAIKAI,1804-1806 ALA MOANA BLVD,Honolulu,96815,Oahu,Honolulu,Waikiki,Accepted Without Conditions,2013-06-06,2013-05-06,2026-10-01
001956,628120,PONE WAHI HANAI HOLOHOLO NA,PO MAI KA'I 45-288C WILLIAM HE,Kaneohe,96744,Oahu,Honolulu,Kaneohe,Accepted Without Conditions,2020-11-25,2020-11-12,2026-10-01
002192,635607,PRETTY RIPPA,59-550 PUPUKEA ROAD,Haleiwa,96712,Oahu,Honolulu,Haleiwa/North Shore,Accepted Without Conditions,2023-05-16,2023-05-01,2026-10-01
000869,321700,PRINCE LUNALILO,,Honolulu,96822,Oahu,Honolulu,Makiki/Manoa,Accepted Without Conditions,,2011-06-30,2026-10-01
000259,321166,PRINCESS KEALOHA,1333 HEULU STREET,Honolulu,96822,Oahu,Honolulu,Makiki/Manoa,Accepted Without Conditions,,,2026-10-01
000063,321024,PRINCESS LEILANI,,Honolulu,96814,Oahu,Honolulu,Kakaako/Ala Moana,Accepted Without Conditions,,,2026-10-01
001354,556791,PROSPECT PARK,960 PROSPECT ST,Honolulu,96822,Oahu,Honolulu,Makiki/Manoa,Accepted Without Conditions,2016-03-28,2016-03-23,2026-10-01
002183,635253,PROSPECT STREET ESTATES,135 PROSPECT ST,Honolulu,96813,Oahu,Honolulu,Downtown/Chinatown,Accepted Without Conditions,2023-03-22,2023-03-14,2026-10-01
002185,635269,PROSPECT TOWER APARTMENTS,927 PROSPECT ST,Honolulu,96822,Oahu,Honolulu,Makiki/Manoa,Accepted Without Conditions,2023-04-17,2023-03-15,2026-10-01
001250,527447,PROSPECT TOWNHOMES,941 PROSPECT ST.,Honolulu,96822,Oahu,Honolulu,Makiki/Manoa,Accepted Without Conditions,2014-11-24,2014-11-04,2026-10-01
001608,594856,PU'UWAI PLACE (BOTH PHASES),PAIWA STREET,Waipahu,96797,Oahu,Honolulu,Waipahu,Accepted Without Conditions,2024-08-19,2017-11-30,2026-10-01
001580,592488,PU'UWAINUI,2060 PUU PL,Wahiawa,96786,Oahu,Honolulu,Wahiawa,Accepted With Conditions,2018-02-09,2017-10-17,2026-10-01
001526,586008,PUAAE ROAD,45-252 A-E / 45-270 A-G PUAEE,Kaneohe,96744,Oahu,Honolulu,Kaneohe,Accepted Without Conditions,2017-08-22,2017-07-05,2026-10-01
000479,321366,PUKALANI PLACE CONDO,3752 PUKALANI PL,Honolulu,96816,Oahu,Honolulu,Kaimuki/Kapahulu,Accepted Without Conditions,,,2026-10-01
001929,627650,PUKAPUKA WALE,646 KAHA & 814 KAIPII ST,Kailua,96734,Oahu,Honolulu,Kailua,Accepted Without Conditions,2020-10-02,2020-09-18,2026-10-01
001489,581304,PULELEHUA,1624 DOLE ST,Honolulu,96822,Oahu,Honolulu,Makiki/Manoa,Accepted Without Conditions,2017-05-18,2017-04-07,2026-10-01
000120,462227,PULEWA AT MEHANA,"KAKALA, MANAWAI, KUNEHI, KUKUL",Kapolei,96707,Oahu,Honolulu,Kapolei,Accepted Without Conditions,2011-01-25,2011-01-25,2026-10-01
000339,321235,PULUA,94-1049 OLI LOOP,Waipahu,96797,Oahu,Honolulu,Waipahu,Accepted Without Conditions,,,2026-10-01
000565,321439,PUNAHALA,1615 WILDER AVENUE,Honolulu,96822,Oahu,Honolulu,Makiki/Manoa,Accepted Without Conditions,,,2026-10-01
001798,616420,PUNAHOU CHALET,1521 ALEXANDER ST,Honolulu,96822,Oahu,Honolulu,Makiki/Manoa,Accepted Without Conditions,2019-07-25,2019-07-15,2026-10-01
001854,624534,PUNAHOU CLIFFS,1525 WILDER AVE,Honolulu,96822,Oahu,Honolulu,Makiki/Manoa,Accepted Without Conditions,2020-02-11,2020-01-15,2026-10-01
000656,321516,PUNAHOU GARDENS,1550 WILDER AVENUE,Honolulu,96822,Oahu,Honolulu,Makiki/Manoa,Accepted Without Conditions,,,2026-10-01
002100,632056,PUNAHOU HALE,1710 MAKIKI ST,Honolulu,96822,Oahu,Honolulu,Makiki/Manoa,Accepted Without Conditions,2022-02-02,2022-01-27,2026-10-01
000281,321185,PUNAHOU MANOR,1805 POKI ST.,Honolulu,96822,Oahu,Honolulu,Makiki/Manoa,Accepted Without Conditions,,,2026-10-01
001710,607596,PUNAHOU REGENCY,1114 PUNAHOU ST,Honolulu,96822,Oahu,Honolulu,Makiki/Manoa,Accepted Without Conditions,2018-10-29,2018-10-03,2026-10-01
000439,321328,PUNAHOU ROYALE,1541 DOMINIS ST,Honolulu,96822,Oahu,Honolulu,Makiki/Manoa,Accepted Without Conditions,,,2026-10-01
001342,554412,PUNAHOU SUNSET,1617 CLARK ST,Honolulu,96822,Oahu,Honolulu,Makiki/Manoa,Accepted Without Conditions,2016-03-17,2016-02-19,2026-10-01
001712,607714,PUNAHOU TERRACE,1630 MAKIKI ST,Honolulu,96822,Oahu,Honolulu,Makiki/Manoa,Accepted Without Conditions,2022-08-30,2018-10-09,2026-10-01
001663,602835,PUNAHOU TOWER,1617-1625 DOLE ST,Honolulu,96822,Oahu,Honolulu,Makiki/Manoa,Accepted Without Conditions,2018-05-30,2018-04-20,2026-10-01
002213,636207,PUNAHOU VISTA APTS,1635 DOLE ST,Honolulu,96822,Oahu,Honolulu,Makiki/Manoa,Accepted Without Conditions,2023-07-27,2023-07-19,2026-10-01
002122,632690,PUNAHOU WILDER,1535 PUNAHOU STREET,Honolulu,96822,Oahu,Honolulu,Makiki/Manoa,Accepted Without Conditions,2022-04-14,2022-04-13,2026-10-01
002247,637502,PUNALU'U SHORES,53-384 KAMEHAMEHA HIGHWAY,Hauula,96717,Oahu,Honolulu,Hauula,Accepted Without Conditions,2024-02-08,2024-02-05,2026-10-01
002118,632652,PUNALUU KAI,53-524 KAMEHAMEHA HWY,Hauula,96717,Oahu,Honolulu,Hauula,Accepted Without Conditions,2022-04-11,2022-04-07,2026-10-01
000111,321053,PUNALUU SEASIDE ESTATES,53-456 KAM HWY,Hauula,96717,Oahu,Honolulu,Hauula,Accepted With Conditions,2000-01-01,2000-01-01,2026-10-01
001765,611644,PUNCHBOWL ESTATES,1060 SPENCER ST,Honolulu,96822,Oahu,Honolulu,Makiki/Manoa,Accepted With Conditions,2019-03-25,2019-03-13,2026-10-01
000391,321282,PUNCHBOWL PLACE,255 HUALI ST,Honolulu,96813,Oahu,Honolulu,Downtown/Chinatown,Accepted Without Conditions,,,2026-10-01
001733,609891,PUNCHBOWL PLAZA,1611 MILLER ST,Honolulu,96813,Oahu,Honolulu,Downtown/Chinatown,Accepted Without Conditions,2024-02-01,2024-01-24,2026-10-01
000760,581523,PUU ALII PHASE 1 (ALL INCRMNT),46-058 PUULENA ST,Kaneohe,96744,Oahu,Honolulu,Kaneohe,Accepted Without Conditions,2017-05-17,2017-04-25,2026-10-01
000216,321132,PUU ALII PHASE II,KIOWAI ST. & ALIIKANE PL.,Kaneohe,96744,Oahu,Honolulu,Kaneohe,Accepted Without Conditions,2009-08-27,2009-08-27,2026-10-01
001936,627753,PUU HELEAKALA,87-119/23/27/31 HELELUA ST,Nanakuli,96792,Oahu,Honolulu,Waianae/Makaha,Accepted Without Conditions,2021-11-01,2020-09-28,2026-10-01
000616,321482,PUU IKI,46001 PUULENA STREET,Kaneohe,96744,Oahu,Honolulu,Kaneohe,Accepted Without Conditions,,,2026-10-01
000734,321578,PUUIKI BEACH,68-078 AU STREET,Waialua,96791,Oahu,Honolulu,Waialua,Accepted Without Conditions,,2011-03-21,2026-10-01
000660,474846,PUUIKI HALE,68-077 AU ST,Waialua,96791,Oahu,Honolulu,Waialua,Accepted Without Conditions,2011-11-21,2011-11-21,2026-10-01
000644,321507,PUUIKI PARK VILLAGE I,68-019 WAIALUA BEACH RD,Waialua,96791,Oahu,Honolulu,Waialua,Accepted Without Conditions,2000-01-01,2000-01-01,2026-10-01
000645,321508,PUUIKI PARK VILLAGE II,68-019 WAIALUA BEACH RD,Waialua,96791,Oahu,Honolulu,Waialua,Accepted Without Conditions,2000-01-01,2000-01-01,2026-10-01
000742,321585,PUUIKI PARK VILLAGE III,68-069 & 68-071 AU ST,Wailua,96792,Oahu,Honolulu,Waianae/Makaha,Accepted Without Conditions,2000-01-01,2000-01-01,2026-10-01
001102,479043,PUUOWAA STREET RESIDENCE,54-138 A & B PUUOWAA STREET,Hauula,96717,Oahu,Honolulu,Hauula,Accepted Without Conditions,,2012-03-19,2026-10-01
000865,321696,QUEEN EMMA GARDENS,1511 1515 & 1519 NUUANU,Honolulu,96813,Oahu,Honolulu,Downtown/Chinatown,Accepted With Conditions,2010-11-19,2010-11-19,2026-10-01
001106,479465,QUEEN EMMA GARDENS - PRINCE,TOWER 1511 NUUANU AVE,Honolulu,96813,Oahu,Honolulu,Downtown/Chinatown,Accepted With Conditions,2012-03-29,2012-03-29,2026-10-01
001665,603362,QUEEN'S VILLA,1459 PELE ST,Honolulu,96813,Oahu,Honolulu,Downtown/Chinatown,Accepted Without Conditions,2018-05-23,2018-04-30,2026-10-01
000431,321321,RAINBOW PLACE,2754  KUILEI ST.,Honolulu,96825,Oahu,Honolulu,Hawaii Kai,Accepted Without Conditions,1985-10-29,1985-10-23,2026-10-01
001662,602478,RAINBOW SERIES KAUHALE WAIPIO,94-1210 MOPUA LP,Waipahu,96797,Oahu,Honolulu,Waipahu,Accepted Without Conditions,2018-04-26,2018-04-17,2026-10-01
FHA098,81561,RAINBOW SERIES KUOLA (ALL,PHASES) 94-1047 OLI PL,Waipahu,96797,Oahu,Honolulu,Waipahu,Accepted Without Conditions,2011-06-06,2011-06-06,2026-10-01
000666,321523,RAINBOW TERRACE,2875 SO. KING STREET,Honolulu,96826,Oahu,Honolulu,McCully/Moiliili,Accepted Without Conditions,,,2026-10-01
001062,449523,REGENCY ALA WAI,454 NAMAHANA ST,Honolulu,96818,Oahu,Honolulu,Salt Lake/Moanalua,Accepted With Conditions,2010-04-20,2010-04-20,2026-10-01
001645,599360,REGENCY PARK,3138 WAIALAE AVE,Honolulu,96816,Oahu,Honolulu,Kaimuki/Kapahulu,Accepted Without Conditions,2018-03-28,2018-02-20,2026-10-01
000215,321131,REGENCY TOWER,2525 DATE STREEET,Honolulu,96826,Oahu,Honolulu,McCully/Moiliili,Accepted Without Conditions,,,2026-10-01
000532,321411,RESIDENCE AT PUNAHOU,,Honolulu,96822,Oahu,Honolulu,Makiki/Manoa,Accepted Without Conditions,,,2026-10-01
002020,629746,RESIDENCES AT MAKAHA,84-570 FARRINGTON HWY,Waianae,96792,Oahu,Honolulu,Waianae/Makaha,Accepted Without Conditions,2021-05-12,2021-05-07,2026-10-01
001516,584546,RIDGE AT LAUNANI VALLEY (BOTH,"PHASES), 95-510 WIKAO ST",Mililani,96789,Oahu,Honolulu,Mililani,Accepted Without Conditions,2023-03-27,2023-03-24,2026-10-01
000015,320993,RIDGECREST-MELEMANU WOODLANDS,95-2056... WAIKALANI PL,Mililani,96789,Oahu,Honolulu,Mililani,Accepted Without Conditions,2016-03-21,2016-03-21,2026-10-01
001676,605065,RIDGEWAY UNIT A,98-715 KAONOHI ST,Aiea,96701,Oahu,Honolulu,Aiea,Accepted Without Conditions,2018-06-13,2018-06-07,2026-10-01
000071,321029,RIDGEWAY UNIT B PHASE I,98-843A KAONOHI ST,Aiea,96701,Oahu,Honolulu,Aiea,Accepted Without Conditions,2000-01-01,2000-01-01,2026-10-01
001739,609964,RIDGEWAY UNIT B PHASE II,98-949 A KAONOHI ST,Aiea,96701,Oahu,Honolulu,Aiea,Accepted Without Conditions,2019-01-08,2018-12-20,2026-10-01
001562,590470,RIDGEWAY UNIT C,98-755 IHO PL,Aiea,96701,Oahu,Honolulu,Aiea,Accepted Without Conditions,2017-10-06,2017-09-12,2026-10-01
001657,601018,RIDGEWAY UNIT D,KAONOHI ST,Aiea,96701,Oahu,Honolulu,Aiea,Accepted Without Conditions,2018-04-26,2018-03-23,2026-10-01
001801,616738,RNR CONDOMINIUMS,3299 OLIVE AVE,Wahiawa,96786,Oahu,Honolulu,Wahiawa,Accepted Without Conditions,2019-08-05,2019-07-17,2026-10-01
002255,637802,RNR CONDOMINIUMS II,329 CALIFORNIA AVE,Wahiawa,96786,Oahu,Honolulu,Wahiawa,Accepted Without Conditions,2024-03-28,2024-03-18,2026-10-01
000959,399643,ROSALEI THE,445 KAIOLU ST,Honolulu,96815,Oahu,Honolulu,Waikiki,Accepted Without Conditions,2008-07-08,2008-07-02,2026-10-01
001794,615523,ROSE TERRACE,1687 PENSACOLA ST,Honolulu,96822,Oahu,Honolulu,Makiki/Manoa,Accepted Without Conditions,2019-07-15,2019-06-27,2026-10-01
000343,321239,ROYAL CAPITOL PLAZA,876 CURTIS ST,Honolulu,96813,Oahu,Honolulu,Downtown/Chinatown,Accepted Without Conditions,2023-08-09,2023-08-01,2026-10-01
000950,392203,ROYAL COURT,920 WARD AVE,Honolulu,96815,Oahu,Honolulu,Waikiki,Accepted Without Conditions,2008-03-26,2008-03-24,2026-10-01
001471,578984,ROYAL GARDEN-MAKIKI,1711 MAKIKI ST,Honolulu,96822,Oahu,Honolulu,Makiki/Manoa,Accepted Without Conditions,2017-04-04,2017-03-14,2026-10-01
001090,457923,ROYAL IOLANI,581-583 KAMOKU ST,Honolulu,96826,Oahu,Honolulu,McCully/Moiliili,Accepted With Conditions,2019-11-04,2010-09-30,2026-10-01
000908,363180,ROYAL KUHIO,,Honolulu,96815,Oahu,Honolulu,Waikiki,Accepted Without Conditions,2006-07-11,2006-07-10,2026-10-01
000917,370723,ROYAL PALM AT WAIPIO (ALL,PHASES) 94-539 PUAHI ST,Waipahu,96797,Oahu,Honolulu,Waipahu,Accepted With Conditions,2020-07-15,2006-12-14,2026-10-01
000828,321662,ROYAL TOWERS,5180 LIKINI ST,Honolulu,96818,Oahu,Honolulu,Salt Lake/Moanalua,Accepted Without Conditions,2019-05-14,2000-01-01,2026-10-01
001221,515206,ROYAL VISTA,1022 PROSPECT ST.,Honolulu,96822,Oahu,Honolulu,Makiki/Manoa,Accepted Without Conditions,2014-04-09,2014-04-03,2026-10-01
002301,639486,RYCROFT TERRACE,1550 RYCROFT STREET,Honolulu,96814,Oahu,Honolulu,Kakaako/Ala Moana,Accepted Without Conditions,2024-10-16,2024-10-03,2026-10-01
000276,321180,SAKURA,2029 NUUANU AVE.,Honolulu,96817,Oahu,Honolulu,Kalihi/Liliha,Accepted Without Conditions,,,2026-10-01
001029,440467,SALT LAKE MANOR,2977 ALA ILIMA ST,Honolulu,96818,Oahu,Honolulu,Salt Lake/Moanalua,Accepted Without Conditions,2009-10-26,2009-10-26,2026-10-01
001628,597455,SANDALWOOD,910 AHANA ST,Honolulu,96814,Oahu,Honolulu,Kakaako/Ala Moana,Accepted Without Conditions,2018-02-12,2018-01-23,2026-10-01
001219,514988,SANTOS PLACE,338 & 340 MANONO ST.,Kailua,96734,Oahu,Honolulu,Kailua,Accepted Without Conditions,2014-04-02,2014-03-12,2026-10-01
001442,574622,SCANDIA TOWERS,155 PAOAKALANI AVE,Honolulu,96815,Oahu,Honolulu,Waikiki,Accepted Without Conditions,2017-01-05,2016-12-23,2026-10-01
000308,321207,SCENIC TOWERS,796 ISENBERG ST.,Honolulu,96826,Oahu,Honolulu,McCully/Moiliili,Accepted Without Conditions,,,2026-10-01
001812,617539,SCHNEIDER MAUKA VIEW ESTATES,"819 B, C & D ONEAWA ST",Kailua,96734,Oahu,Honolulu,Kailua,Accepted Without Conditions,2019-08-21,2019-08-02,2026-10-01
001440,574293,SEABRIDGE BY GENTRY I,91-1160 KAMAKANA ST,Ewa Beach,96706,Oahu,Honolulu,Ewa Beach,Accepted With Conditions,2016-12-22,2016-12-15,2026-10-01
001530,586712,SEABRIDGE BY GENTRY II,91-1160 KAMAKANA ST,Ewa Beach,96706,Oahu,Honolulu,Ewa Beach,Accepted With Conditions,2017-07-26,2017-07-07,2026-10-01
001626,597072,SEABRIDGE BY GENTRY III,91-1159 KAMAKANA ST,Ewa Beach,96706,Oahu,Honolulu,Ewa Beach,Accepted With Conditions,2018-01-24,2018-01-16,2026-10-01
001718,607968,SEABRIDGE BY GENTRY IV,91-1159 KAMAKANA ST,Ewa Beach,96706,Oahu,Honolulu,Ewa Beach,Accepted With Conditions,2018-10-29,2018-10-19,2026-10-01
001802,616818,SEABRIDGE BY GENTRY V,91-1159 KAMAKANA STREET,Ewa Beach,96706,Oahu,Honolulu,Ewa Beach,Accepted With Conditions,2019-07-25,2019-07-19,2026-10-01
002404,644153,SEASCAPE AT MAKAKILO,92-7049 ELELE STREET #28,Kapolei,96707,Oahu,Honolulu,Kapolei,Accepted Without Conditions,2026-06-01,2026-03-27,2026-10-01
000911,367443,SEASCAPE AT MAKAKILO,ELELE ST,Kapolei,96707,Oahu,Honolulu,Kapolei,Accepted Without Conditions,2006-10-25,2006-10-03,2026-10-01
002341,641311,SEASIDE PLACE CPR,54-309 E KAMEHAMEHA HIGHWAY,Hauula,96717,Oahu,Honolulu,Hauula,Accepted Without Conditions,2025-05-23,2025-05-16,2026-10-01
002169,634706,SEASIDE SUITES,440 SEASIDE AVE,Honolulu,96815,Oahu,Honolulu,Waikiki,Accepted Without Conditions,2025-04-11,2025-03-25,2026-10-01
001002,420023,SEASIDE TOWERS,435 SEASIDE AVENUE,Honolulu,96815,Oahu,Honolulu,Waikiki,Accepted Without Conditions,2009-03-30,2009-03-30,2026-10-01
002376,643108,SEASIDER VILLAGE,55-610 KAMEHAMEHA HIGHWAY #3B,Laie,96762,Oahu,Honolulu,Laie,Accepted Without Conditions,2026-01-30,2026-01-02,2026-10-01
002170,634736,SEAVIEW HILL,44-103 MIKIOLA DR,Kaneohe,96744,Oahu,Honolulu,Kaneohe,Accepted Without Conditions,2023-01-06,2022-12-30,2026-10-01
000287,321191,SEVENTEEN SEVENTEEN ALA WAI,1717 ALA WAI BLVD,Honolulu,96815,Oahu,Honolulu,Waikiki,Accepted With Conditions,2017-10-03,2000-01-01,2026-10-01
001587,593211,SHANGRI-LA,44-672 KAHINANI PL,Kaneohe,96744,Oahu,Honolulu,Kaneohe,Accepted Without Conditions,2018-01-24,2017-10-27,2026-10-01
001837,622309,SHOREBREEZE,1235 & 1237 KAINUI DR,Kailua,96734,Oahu,Honolulu,Kailua,Accepted Without Conditions,2020-02-12,2019-11-26,2026-10-01
000657,321517,SIERRA GARDENS,3324 SIERRA DRIVE,Honolulu,96816,Oahu,Honolulu,Kaimuki/Kapahulu,Accepted Without Conditions,,,2026-10-01
001627,597092,SIX TWENTY SHERIDAN,620 SHERIDAN ST,Honolulu,96814,Oahu,Honolulu,Kakaako/Ala Moana,Accepted Without Conditions,2018-01-24,2018-01-16,2026-10-01
001439,574074,SIXTEEN REGENTS,2334 KAPIOLANI BLVD,Honolulu,96826,Oahu,Honolulu,McCully/Moiliili,Accepted Without Conditions,2017-05-05,2016-12-12,2026-10-01
000007,460664,SIXTY PARKSIDE (ALL PHASES),95-060 WAIKALANI DR,Mililani,96789,Oahu,Honolulu,Mililani,Accepted Without Conditions,2025-12-02,2025-10-20,2026-10-01
001740,609976,SKY TOWER APARTMENTS,1515 WARD AVE,Honolulu,96822,Oahu,Honolulu,Makiki/Manoa,Accepted Without Conditions,2019-01-08,2018-12-26,2026-10-01
000372,321266,SNAP CRACKLE & POP,47-386 LULANI ST.,Kaneohe,96744,Oahu,Honolulu,Kaneohe,Accepted Without Conditions,,,2026-10-01
000933,380783,SOHO'S BLUFF,"45-557 B-H, J-M KEAAHALA RD",Kaneohe,96744,Oahu,Honolulu,Kaneohe,Accepted Without Conditions,2020-03-23,2007-08-14,2026-10-01
001601,594171,SOVEREIGN,1760 S BERETANIA ST,Honolulu,96826,Oahu,Honolulu,McCully/Moiliili,Accepted Without Conditions,2017-12-04,2017-11-14,2026-10-01
000682,475543,SPENCER PLACE,1030 & 1032 SPENCER ST.,Honolulu,96822,Oahu,Honolulu,Makiki/Manoa,Accepted Without Conditions,,2011-12-12,2026-10-01
001593,593731,SPINNAKER PLACE TOWNHOMES IN 1,KEONEULA BLVD/KAPOLEI PKWY,Ewa Beach,96706,Oahu,Honolulu,Ewa Beach,Accepted Without Conditions,2017-11-13,2017-11-07,2026-10-01
001591,593711,SPINNAKER PLACE TOWNHOMES IN 2,KEONEULA BLVD,Ewa Beach,96706,Oahu,Honolulu,Ewa Beach,Accepted Without Conditions,2017-11-13,2017-11-07,2026-10-01
001629,597856,SPINNAKER PLACE TOWNHOMES IN 3,KEONE`ULA BLVD,Ewa Beach,96706,Oahu,Honolulu,Ewa Beach,Accepted Without Conditions,2018-02-12,2018-01-29,2026-10-01
001651,600879,SPINNAKER PLACE TOWNHOMES IN 4,KEONE`ULA BLVD,Ewa Beach,96706,Oahu,Honolulu,Ewa Beach,Accepted Without Conditions,2018-03-28,2018-03-21,2026-10-01
000547,321425,SPRECKELS STREET - WEST,1520 SPRECKELS STREET,Honolulu,96822,Oahu,Honolulu,Makiki/Manoa,Accepted Without Conditions,,,2026-10-01
000012,307604,SPRUCE RIDGE VILLAS,ANANIA DR,Mililani Town,96789,Oahu,Honolulu,Mililani,Accepted Without Conditions,2000-01-01,2000-01-01,2026-10-01
001538,587809,STREAMSIDE AT LAUNANI VALLEY,"PHASE I, 95-781 WIKAO ST",Mililani,96789,Oahu,Honolulu,Mililani,Accepted Without Conditions,2017-08-18,2017-07-13,2026-10-01
002302,639516,SU CASA,94-245 LEOWAHINE ST,Waipahu,96797,Oahu,Honolulu,Waipahu,Accepted Without Conditions,2024-10-16,2024-10-09,2026-10-01
000533,309738,SUMMER PALACE,1848 KAHAKAI DR,Honolulu,96814,Oahu,Honolulu,Kakaako/Ala Moana,Accepted Without Conditions,,,2026-10-01
000086,321040,SUMMER VILLA,737 OLOKELE AVE,Honolulu,96816,Oahu,Honolulu,Kaimuki/Kapahulu,Accepted Without Conditions,,,2026-10-01
001210,511625,SUMMIT AT KANEOHE BAY,45-175 LILIPUNA ROAD,Kaneohe,96744,Oahu,Honolulu,Kaneohe,Accepted Without Conditions,2014-01-27,2014-01-14,2026-10-01
000512,321395,SUN HALA,754 EKELA AVE,Honolulu,96816,Oahu,Honolulu,Kaimuki/Kapahulu,Accepted Without Conditions,2000-01-01,2000-01-01,2026-10-01
001474,579125,SUN RISE (ALL PHASES),91-290/80/84 HANAPOULI CR,Ewa Beach,96706,Oahu,Honolulu,Ewa Beach,Accepted Without Conditions,2017-04-04,2017-03-13,2026-10-01
001578,592208,SUNCREST/THE SHORES/LOMBARD,WAY/AVALON (ALL PHASES),Ewa Beach,96706,Oahu,Honolulu,Ewa Beach,Accepted Without Conditions,2017-10-13,2017-10-11,2026-10-01
000001,320989,SUNSET LAKEVIEW,3215 ALA ILIMA ST,Honolulu,96818,Oahu,Honolulu,Salt Lake/Moanalua,Accepted Without Conditions,,,2026-10-01
000999,419163,SUNSET PARADISE,68-172 AU STREET,Waialua,96791,Oahu,Honolulu,Waialua,Accepted Without Conditions,2021-05-17,2009-03-16,2026-10-01
001339,553997,SUNSET PAUMALU ESTATES,59-001 HOLAWA ST,Haleiwa,96712,Oahu,Honolulu,Haleiwa/North Shore,Accepted With Conditions,2016-02-16,2016-02-11,2026-10-01
000271,321175,SUNSET SHORES,68-21 AU STREET,Mokuleia,96791,Oahu,Honolulu,Waialua,Accepted Without Conditions,,,2026-10-01
001613,595924,SUNSET TOWERS,419 ATKINSON DR,Honolulu,96814,Oahu,Honolulu,Kakaako/Ala Moana,Accepted Without Conditions,2018-01-04,2017-12-20,2026-10-01
000495,321380,SURFVIEW,1018 LUNALILO ST,Honolulu,96822,Oahu,Honolulu,Makiki/Manoa,Accepted Without Conditions,2020-01-01,2020-01-01,2026-10-01
001386,562751,SYMPHONY HONOLULU,888 KAPIOLANI BLVD,Honolulu,96813,Oahu,Honolulu,Downtown/Chinatown,Accepted Without Conditions,2016-07-06,2016-06-14,2026-10-01
000733,321577,TAPIOCA,54-046/048 WAIKULAMA,Hauula,96717,Oahu,Honolulu,Hauula,Accepted Without Conditions,,,2026-10-01
001486,580680,TENGAN TERRACE,LAELAE WY/KUAPOHAKU RD,Honolulu,96819,Oahu,Honolulu,Kalihi/Liliha,Accepted Without Conditions,2017-05-16,2017-04-10,2026-10-01
002223,636517,TERRACE APARTMENTS,2450 DATE ST,Honolulu,96826,Oahu,Honolulu,McCully/Moiliili,Accepted Without Conditions,2023-09-26,2023-08-30,2026-10-01
000289,321193,TERRACE TOWERS,2440 DATE ST.,Honolulu,96826,Oahu,Honolulu,McCully/Moiliili,Accepted Without Conditions,,,2026-10-01
001524,585567,TERRACES AT LAUNANI VALLEY,95-920 WIKAO ST,Mililani,96789,Oahu,Honolulu,Mililani,Accepted Without Conditions,2017-07-18,2017-06-27,2026-10-01
001748,610184,TERRAZZA LTD,1020 GREEN ST,Honolulu,96822,Oahu,Honolulu,Makiki/Manoa,Accepted Without Conditions,2019-02-06,2019-01-22,2026-10-01
001453,576758,TERRAZZA/CORTEBELLA/LAS BRISAS,/TIBURON - COMBINED/ALL PHASES,Ewa Beach,96706,Oahu,Honolulu,Ewa Beach,Accepted With Conditions,2017-07-19,2017-02-06,2026-10-01
002380,643202,THE ALEXANDER,1505 ALEXANDER ST,Honolulu,96822,Oahu,Honolulu,Makiki/Manoa,Accepted Without Conditions,2026-02-03,2026-01-16,2026-10-01
000244,321153,THE ALIKA,1414 ALEXANDER STREET,Honolulu,96822,Oahu,Honolulu,Makiki/Manoa,Accepted Without Conditions,,,2026-10-01
000677,475505,THE BEL-AIRE,2015 ALA WAI BLVD.,Honolulu,96815,Oahu,Honolulu,Waikiki,Accepted Without Conditions,,2011-12-09,2026-10-01
002106,632311,THE BLOCK 803 WAIMANU,803 WAIMANU ST,Honolulu,96813,Oahu,Honolulu,Downtown/Chinatown,Accepted With Conditions,2022-05-05,2022-02-28,2026-10-01
000226,321140,THE CAMBRIDGE,922 MCCULLY STREET,Honolulu,96826,Oahu,Honolulu,McCully/Moiliili,Accepted Without Conditions,,,2026-10-01
000165,321089,THE CHANDELIER,3070 ALA ILIMA STREET,Honolulu,96818,Oahu,Honolulu,Salt Lake/Moanalua,Accepted Without Conditions,,,2026-10-01
002229,636820,THE COLLECTION,600 ALA MOANA,Honolulu,96813,Oahu,Honolulu,Downtown/Chinatown,Accepted Without Conditions,2024-01-11,2023-10-18,2026-10-01
000458,321347,THE CONSULATE,1634 MAKIKI ST,Honolulu,96822,Oahu,Honolulu,Makiki/Manoa,Accepted With Conditions,2015-03-12,2015-03-12,2026-10-01
000260,321167,THE CONTESSA,2825 S. KING STREET,Honolulu,96826,Oahu,Honolulu,McCully/Moiliili,Accepted Without Conditions,,,2026-10-01
001822,619166,THE CORONET,1314 VICTORIA ST,Honolulu,96814,Oahu,Honolulu,Kakaako/Ala Moana,Accepted With Conditions,2019-10-16,2019-09-25,2026-10-01
001467,578481,THE COVE WAIKIKI,1800 & 1820 KAIOO DR,Honolulu,96815,Oahu,Honolulu,Waikiki,Accepted Without Conditions,2017-03-20,2017-03-07,2026-10-01
001194,509104,THE CROWNE AT WAILUNA,KAAHUMANU ST,Aiea,96701,Oahu,Honolulu,Aiea,Accepted With Conditions,2013-11-21,2013-11-21,2026-10-01
002039,630157,THE DOMINIS WEST CONDOMINIUM,1419 DOMINIS ST.,Honolulu,96822,Oahu,Honolulu,Makiki/Manoa,Accepted Without Conditions,2021-07-12,2021-06-23,2026-10-01
000588,321458,THE ELMS,1122 ELM STREET,Honolulu,96814,Oahu,Honolulu,Kakaako/Ala Moana,Accepted Without Conditions,,,2026-10-01
000045,321010,THE ESPLANADE,,Honolulu,96825,Oahu,Honolulu,Hawaii Kai,Accepted Without Conditions,,,2026-10-01
000608,321475,THE HASSINGER,1106 HASSINGER STREET,Honolulu,96822,Oahu,Honolulu,Makiki/Manoa,Accepted Without Conditions,,,2026-10-01
002285,638776,THE HAUSTEN INC,739 HAUSTEN ST,Honolulu,96826,Oahu,Honolulu,McCully/Moiliili,Accepted Without Conditions,2024-07-23,2024-07-12,2026-10-01
000704,475547,THE HEIGHTS AT WAILUNA,INCREMENT 3,Pearl City,96782,Oahu,Honolulu,Pearl City,Accepted Without Conditions,,2011-12-12,2026-10-01
000739,321582,THE HEIGHTS AT WAILUNA IV,981860 KAAHUMANU STREET,Aiea,96701,Oahu,Honolulu,Aiea,Accepted Without Conditions,,2012-01-10,2026-10-01
000154,321081,THE HIGHLANDER,98450 KOAUKA LOOPE,Aiea,96701,Oahu,Honolulu,Aiea,Accepted Without Conditions,,,2026-10-01
002167,634553,THE JASON APARTMENTS,1415 PUNAHOU ST,Honolulu,96822,Oahu,Honolulu,Makiki/Manoa,Accepted Without Conditions,2022-12-14,2022-12-02,2026-10-01
001286,539159,THE KAILANI,440 LEWERS ST.,Honolulu,96815,Oahu,Honolulu,Waikiki,Accepted Without Conditions,2015-06-12,2015-06-12,2026-10-01
002328,640308,THE KALAKAUAN,1911 KALAKAUA AVE,Honolulu,96815,Oahu,Honolulu,Waikiki,Accepted Without Conditions,2025-01-30,2025-01-27,2026-10-01
002191,635506,THE KALIA,425 ENA RD.,Honolulu,96815,Oahu,Honolulu,Waikiki,Accepted Without Conditions,2023-04-28,2023-04-14,2026-10-01
000348,321243,THE LAKECREST,1147 ALA NAPUNANI ST.,Honolulu,96818,Oahu,Honolulu,Salt Lake/Moanalua,Accepted Without Conditions,,,2026-10-01
000250,321157,THE LILIKOI,909 ALA LILIKOI STREET,Honolulu,96819,Oahu,Honolulu,Kalihi/Liliha,Accepted Without Conditions,,,2026-10-01
FHA157,321829,THE LOFTS BY GENTRY,,Ewa Beach,96706,Oahu,Honolulu,Ewa Beach,Accepted Without Conditions,,,2026-10-01
001055,447704,THE LUKEPANE COURT,723 & 717 LUKEPANE AVE,Honolulu,96816,Oahu,Honolulu,Kaimuki/Kapahulu,Accepted With Conditions,,2010-03-05,2026-10-01
000541,321419,THE MAGELLAN,410 MAGELLAN AVENUE,Honolulu,96813,Oahu,Honolulu,Downtown/Chinatown,Accepted Without Conditions,,,2026-10-01
000363,321258,THE PALMS,431 NAHUA ST.,Honolulu,96815,Oahu,Honolulu,Waikiki,Accepted Without Conditions,,,2026-10-01
002365,642516,THE PARK ON KEEAUMOKU,1515 LIONA ST/1500 RYCROFT ST,Honolulu,96814,Oahu,Honolulu,Kakaako/Ala Moana,Accepted Without Conditions,2025-10-17,2025-10-09,2026-10-01
001323,549231,THE PARKSIDE AT KILANI,MAP NO 1836,Wahiawa,96786,Oahu,Honolulu,Wahiawa,Accepted With Conditions,2017-03-20,2015-11-17,2026-10-01
000712,321561,THE PARKVIEW,240 MAKEE ROAD,Honolulu,96815,Oahu,Honolulu,Waikiki,Accepted Without Conditions,,,2026-10-01
000668,475504,THE PLAZA AT HAWAII KAI,6770 HAWAII KAI DRIVE,Honolulu,96825,Oahu,Honolulu,Hawaii Kai,Accepted Without Conditions,,2011-12-09,2026-10-01
000427,321317,THE PLEASANTON,1710 PUNAHOU ST.,Honolulu,96822,Oahu,Honolulu,Makiki/Manoa,Accepted Without Conditions,,,2026-10-01
002014,629712,THE PROSPECT ESTATES,982 PROSPECT STREET,Honolulu,96822,Oahu,Honolulu,Makiki/Manoa,Accepted Without Conditions,2021-05-11,2021-05-05,2026-10-01
000359,321254,THE PUMEHANA,1820 WAIOLA ST.,Honolulu,96826,Oahu,Honolulu,McCully/Moiliili,Accepted Without Conditions,,,2026-10-01
001424,570812,THE RESIDENCE AT MAKIKI,1310 PENSACOLA ST,Honolulu,96814,Oahu,Honolulu,Kakaako/Ala Moana,Accepted Without Conditions,2016-10-31,2016-10-20,2026-10-01
001129,484925,THE RESIDENCES AT 1920 WAIMANO,"HOME RD, 1920 WAIMANO HOME RD",Pearl City,96782,Oahu,Honolulu,Pearl City,Accepted Without Conditions,2012-07-30,2012-07-30,2026-10-01
000432,321322,THE ROSE AT LUSITANA,1442 LUSITANA ST,Honolulu,96813,Oahu,Honolulu,Downtown/Chinatown,Accepted Without Conditions,,,2026-10-01
000127,321064,THE THREE REGENTS,5055 LIKINI ST,Honolulu,96818,Oahu,Honolulu,Salt Lake/Moanalua,Accepted Without Conditions,,,2026-10-01
001193,508905,THE TOWN HOMES AT KA MAKANA AT,HOAKALEI INCREMENT 8,Ewa Beach,96706,Oahu,Honolulu,Ewa Beach,Accepted With Conditions,2013-11-19,2013-11-19,2026-10-01
001218,513765,THE TOWN HOMES AT KA MAKANA AT,HOAKALEI INCREMENT 9,Ewa Beach,96706,Oahu,Honolulu,Ewa Beach,Accepted Without Conditions,2017-09-01,2014-03-10,2026-10-01
001080,453443,THE TOWNHOMES @ KA MAKANA,INCREMENT 5 (10 UNITS),Ewa Beach,96706,Oahu,Honolulu,Ewa Beach,Accepted Without Conditions,2010-07-08,2010-07-08,2026-10-01
001075,452271,THE TOWNHOMES @ KA MAKANA,INCREMENT 4 (10 UNITS),Ewa Beach,96706,Oahu,Honolulu,Ewa Beach,Accepted Without Conditions,,2010-06-15,2026-10-01
001045,445843,THE TOWNHOMES @ KA MAKANA,INCREMENT 2,Ewa Beach,96706,Oahu,Honolulu,Ewa Beach,Accepted Without Conditions,2010-01-22,2010-01-22,2026-10-01
002268,638310,THE TOWNHOMES AT FAIRWAYS EDGE,THE 216 UNITS 91-2062 TO 91-21,Ewa Beach,96706,Oahu,Honolulu,Ewa Beach,Accepted Without Conditions,2024-05-22,2024-05-16,2026-10-01
000122,321059,THE TOWNHOUSE,1415 VICTORIA ST,Honolulu,96822,Oahu,Honolulu,Makiki/Manoa,Accepted Without Conditions,,,2026-10-01
001411,568552,THE TWIN-TOWERS,2085 ALA WAI BLVD,Honolulu,96815,Oahu,Honolulu,Waikiki,Accepted Without Conditions,2016-10-13,2016-09-13,2026-10-01
002010,629609,THE WAIALAE PINNACLE,2362 AHA MAKA WAY #E,Honolulu,96821,Oahu,Honolulu,Hawaii Kai,Accepted Without Conditions,2021-05-04,2021-04-23,2026-10-01
000503,321387,THE WARD LANAI,905 SPENCER ST.,Honolulu,96822,Oahu,Honolulu,Makiki/Manoa,Accepted Without Conditions,1986-06-10,1986-05-06,2026-10-01
002025,629802,THE WATERMARK,1551 ALA WAI BLVD,Honolulu,96815,Oahu,Honolulu,Waikiki,Accepted Without Conditions,2021-05-24,2021-05-13,2026-10-01
001078,452984,THE WINDSOR,343 HOBRON LANE,Honolulu,96815,Oahu,Honolulu,Waikiki,Accepted Without Conditions,,2010-06-28,2026-10-01
001152,494984,THE WOODLANDS AT NUUANU,3900 WAOKANAKA STREET,Honolulu,96817,Oahu,Honolulu,Kalihi/Liliha,Accepted Without Conditions,2013-02-05,2013-02-05,2026-10-01
002352,641828,THREE REGENTS,5085-5090 LIKINI STREET,Honolulu,96818,Oahu,Honolulu,Salt Lake/Moanalua,Accepted Without Conditions,2025-07-31,2025-07-17,2026-10-01
000399,321290,TIARE APARTMENTS,1735 DOLE ST.,Honolulu,96816,Oahu,Honolulu,Kaimuki/Kapahulu,Accepted Without Conditions,,,2026-10-01
000598,321466,TOP OF THE HILL,3370 SALT LAKE BLVD,Honolulu,96818,Oahu,Honolulu,Salt Lake/Moanalua,Accepted Without Conditions,,,2026-10-01
001136,490124,TOWN HOMES AT KA MAKANA AT,HOAKALEI INCREMENT 7,Ewa Beach,96706,Oahu,Honolulu,Ewa Beach,Accepted Without Conditions,2012-10-29,2012-10-29,2026-10-01
001677,605094,TOWN HOMES AT KA MAKANA AT,HOAKALEI INCREMENT 1,Ewa Beach,96706,Oahu,Honolulu,Ewa Beach,Accepted Without Conditions,2018-09-19,2018-06-11,2026-10-01
001061,448803,TOWN HOMES AT KA MAKANA AT,HOAKALEI INCR 3 KEONEULA BLVD,Ewa Beach,96706,Oahu,Honolulu,Ewa Beach,Accepted Without Conditions,2010-04-01,2010-04-01,2026-10-01
001086,455983,TOWN HOMES AT KA MAKANA AT,"HOAKALEI INCREMENT 6, KEONEULA",Ewa Beach,96706,Oahu,Honolulu,Ewa Beach,Accepted Without Conditions,2010-09-09,2010-09-09,2026-10-01
000603,321470,TOWNHOMES AT PEARLRIDGE,98 282 KAONOHI STREET,Aiea,96701,Oahu,Honolulu,Aiea,Accepted Without Conditions,,,2026-10-01
000663,321520,TRADEWINDS PLAZA,2572 LEMON RODE,Honolulu,96815,Oahu,Honolulu,Waikiki,Accepted Without Conditions,,,2026-10-01
000318,321216,TROPIC GARDENS I,KEANU ST.& LUAEA AVE.,Honolulu,96816,Oahu,Honolulu,Kaimuki/Kapahulu,Accepted Without Conditions,,,2026-10-01
000245,321154,TROPICANA MANOR-MOANALUA,815 ALA LILIKOI STREET,Honolulu,96818,Oahu,Honolulu,Salt Lake/Moanalua,Accepted With Conditions,2019-02-06,2014-12-03,2026-10-01
000879,336555,TROPICANA VILLAGE - MAKAI,,Honolulu,96816,Oahu,Honolulu,Kaimuki/Kapahulu,Accepted Without Conditions,2002-06-25,2002-06-12,2026-10-01
000152,321079,TROPICANA VILLAGE-AIEA PH 2&3,98-447 KAONOHI STREET,Aiea,96701,Oahu,Honolulu,Aiea,Accepted Without Conditions,,2012-02-13,2026-10-01
000073,321031,TROPICANA VILLAGE-HAIKU,(AKA: KAHALUU COLONY),Kahaluu,96744,Oahu,Honolulu,Kaneohe,Accepted Without Conditions,,,2026-10-01
000222,321136,TROPICANA WEST,94207 LEOWAHINE STREET,Waipahu,96797,Oahu,Honolulu,Waipahu,Accepted Without Conditions,,,2026-10-01
000900,358880,TROPICS AT WAIKELE (ALL,PHASES) PAIWA & PAKELA ST,Waipahu,96797,Oahu,Honolulu,Waipahu,Accepted Without Conditions,2006-04-18,2006-03-27,2026-10-01
001171,502545,TUAHINE,3697 WOODLAWN DRIVE,Honolulu,96822,Oahu,Honolulu,Makiki/Manoa,Accepted Without Conditions,2013-07-05,2013-05-09,2026-10-01
002336,641127,TURNER CONDOMINIUM,99-139 NAPUANANI RD,Aiea,96701,Oahu,Honolulu,Aiea,Accepted Without Conditions,2025-05-08,2025-04-29,2026-10-01
000357,321252,TWENTY ONE HUNDRED,2100 DATE ST,Honolulu,96826,Oahu,Honolulu,McCully/Moiliili,Accepted With Conditions,2018-04-06,2000-01-01,2026-10-01
002330,640521,ULANA WARD VILLAGE,1240 ALA MOANA BOULEVARD,Honolulu,96814,Oahu,Honolulu,Kakaako/Ala Moana,Accepted Without Conditions,2025-02-26,2025-02-20,2026-10-01
002400,643980,ULUWEHI AT HO'OPILI,91-3529 NANA HOPE STREET,Ewa Beach,96706,Oahu,Honolulu,Ewa Beach,Accepted Without Conditions,2026-04-30,2026-04-15,2026-10-01
000223,321137,UNION PLAZA,1737 S. BERETANIA STREET,Honolulu,96826,Oahu,Honolulu,McCully/Moiliili,Accepted Without Conditions,,,2026-10-01
001792,615475,UNITS 51-624A & 51-624A1,KAMEHAMEHA HIGHWAY,Kaaawa,96730,Oahu,Honolulu,Kaaawa,Accepted Without Conditions,2019-07-23,2019-06-26,2026-10-01
001961,628266,UNIVERSITY COURT,1914 UNIVERSITY AVE,Honolulu,96822,Oahu,Honolulu,Makiki/Manoa,Accepted Without Conditions,2021-01-11,2020-12-03,2026-10-01
000456,321345,UNIVERSITY GARDENS,908 UNIVERSITY AVE.,Honolulu,96826,Oahu,Honolulu,McCully/Moiliili,Accepted Without Conditions,,,2026-10-01
000500,321385,UNIVERSITY PLAZA,2626 KUILEI LANE,Honolulu,96826,Oahu,Honolulu,McCully/Moiliili,Accepted Without Conditions,,,2026-10-01
000455,321344,UNIVERSITY TOWERS,1026 KALO PL,Honolulu,96826,Oahu,Honolulu,McCully/Moiliili,Accepted With Conditions,2020-02-18,2000-01-01,2026-10-01
002116,632573,UNIVERSITY VILLA,1205 KALO PLACE,Honolulu,96826,Oahu,Honolulu,McCully/Moiliili,Accepted Without Conditions,2020-04-13,2022-03-30,2026-10-01
002112,632452,"URAKU TOWER, HAWAII",1341 KAPIOLANI BLVD,Honolulu,96814,Oahu,Honolulu,Kakaako/Ala Moana,Accepted Without Conditions,2022-03-22,2022-03-16,2026-10-01
000313,321211,VALLEY ESTATES,47-403-47-427C AHUIMANU,Kaneohe,96744,Oahu,Honolulu,Kaneohe,Accepted Without Conditions,2000-01-01,2000-01-01,2026-10-01
000511,321394,VALLEY PARK PLACE,2431 PAUOA ROAD,Honolulu,96813,Oahu,Honolulu,Downtown/Chinatown,Accepted Without Conditions,,,2026-10-01
002053,630536,VALLEY ROAD HALE,85-157 WAIANAE VALLEY ROAD,Waianae,96792,Oahu,Honolulu,Waianae/Makaha,Accepted Without Conditions,2021-08-03,2021-08-02,2026-10-01
000275,321179,VALLEY VIEW ESTATES,46-122 HUI O'O PL,Kaneohe,96744,Oahu,Honolulu,Kaneohe,Accepted Without Conditions,2000-01-01,2000-01-01,2026-10-01
000051,321015,VALLEYVIEW-MELEMANU WOODLANDS,95-2043 WAIKALANI PL,Mililani,96789,Oahu,Honolulu,Mililani,Accepted Without Conditions,2012-08-31,2012-08-31,2026-10-01
001647,599737,VANGUARD LOFTS,720 KAPIOLANI BLVD,Honolulu,96813,Oahu,Honolulu,Downtown/Chinatown,Accepted Without Conditions,2018-03-12,2018-03-02,2026-10-01
002098,634713,VARSITY HOUSE,2501 COYNE ST.,Honolulu,96826,Oahu,Honolulu,McCully/Moiliili,Accepted Without Conditions,2023-01-12,2022-12-23,2026-10-01
000471,321358,VICTORIA MANSIONS,1456 THRUSTON AVENUE,Honolulu,96822,Oahu,Honolulu,Makiki/Manoa,Accepted Without Conditions,,,2026-10-01
002388,643389,VICTORIA PLACE,1100 ALA MOANA BLVD,Honolulu,96814,Oahu,Honolulu,Kakaako/Ala Moana,Accepted Without Conditions,2026-03-04,2026-02-12,2026-10-01
000423,321313,VICTORIA PLAZA CONDOMINIUM,1441 VICTORIA ST,Honolulu,96822,Oahu,Honolulu,Makiki/Manoa,Accepted Without Conditions,2000-01-01,2000-01-01,2026-10-01
001641,599195,VIEWPOINTE AT WAIKELE,94-510 LUMIAINA,Waipahu,96797,Oahu,Honolulu,Waipahu,Accepted Without Conditions,2018-03-12,2018-02-20,2026-10-01
000220,321135,VILLA MARINA,263 KAWAIHAE STREET,Honolulu,96825,Oahu,Honolulu,Hawaii Kai,Accepted Without Conditions,,,2026-10-01
000810,321644,VILLA ON EATON SQUARE,400 HOBRON LN,Honolulu,96815,Oahu,Honolulu,Waikiki,Accepted With Conditions,2012-04-10,2014-06-16,2026-10-01
000203,321123,VILLAGE GREEN,521 PEPEEKEO STREET,Honolulu,96825,Oahu,Honolulu,Hawaii Kai,Accepted Without Conditions,,,2026-10-01
000387,321279,VILLAGE MALUHIA,1535 PENSACOLA ST,Honolulu,96822,Oahu,Honolulu,Makiki/Manoa,Accepted With Conditions,2000-01-01,2000-01-01,2026-10-01
000836,196993,VILLAGE ON THE GREEN,AT WAIKELE - PHASE 1A,Waipahu,96797,Oahu,Honolulu,Waipahu,Accepted Without Conditions,1998-06-01,1998-05-21,2026-10-01
001531,586727,VILLAGE ON THE GREEN AT,WAIKELE PHASE 2B LUMIAUAU ST,Waikele,96797,Oahu,Honolulu,Waipahu,Accepted Without Conditions,2017-07-18,2017-07-08,2026-10-01
001550,589551,VILLAGE ON THE GREEN AT,"WAIKELE PHASE 1B, LUMIAU'AU ST",Waipahu,96797,Oahu,Honolulu,Waipahu,Accepted Without Conditions,2017-09-17,2017-08-28,2026-10-01
001315,547411,VILLAGE ON THE GREEN WAIKELE,PH 2A LUMIAU'AU ST,Waikele,96797,Oahu,Honolulu,Waipahu,Accepted Without Conditions,2015-10-20,2015-10-19,2026-10-01
000166,321090,VILLAGE WEST PHASE 1,98-400-4 KAONOHI ST,Aiea,96701,Oahu,Honolulu,Aiea,Accepted Without Conditions,2000-01-01,2000-01-01,2026-10-01
000385,321278,VILLAGES AT WAIPIO-ALL PHASES,94-1471 WAIPIO UKA BLVD,Waipahu,96797,Oahu,Honolulu,Waipahu,Accepted Without Conditions,2014-01-15,2014-01-14,2026-10-01
FHA031,321727,VISTA DEL MAR,,Honolulu,96818,Oahu,Honolulu,Salt Lake/Moanalua,Accepted Without Conditions,,2011-06-06,2026-10-01
002430,645304,VISTA DEL MAR,1015 ALA NAPUNANI ST APT 402,Honolulu,96818,Oahu,Honolulu,Salt Lake/Moanalua,Accepted Without Conditions,2026-09-16,2026-09-04,2026-10-01
002340,641198,WAHIAWA HEIGHTS,2315 CALIFORNIA AVENUE,Wahiawa,96786,Oahu,Honolulu,Wahiawa,Accepted Without Conditions,2025-05-13,2025-05-06,2026-10-01
001282,539152,WAHIAWA PLANTATION ESTATES,318 CLARK ST.,Wahiawa,96786,Oahu,Honolulu,Wahiawa,Accepted Without Conditions,2015-06-12,2015-06-12,2026-10-01
001598,594236,WAHIAWA WOODLANDS,1817 KALIE PL,Wahiawa,96786,Oahu,Honolulu,Wahiawa,Accepted Without Conditions,2017-12-04,2017-11-15,2026-10-01
000178,321100,WAIALAE GARDENS,4958 KILAUEA AVENUE,Honolulu,96816,Oahu,Honolulu,Kaimuki/Kapahulu,Accepted Without Conditions,,,2026-10-01
FHA165,321835,WAIALAE PLACE,WAIALAE PLACE,Honolulu,96826,Oahu,Honolulu,McCully/Moiliili,Accepted Without Conditions,2010-01-03,2010-01-01,2026-10-01
002423,645040,WAIALUA BEACH HALE,66-284 WAIALUA BEACH ROAD,Waialua,96712,Oahu,Honolulu,Haleiwa/North Shore,Accepted Without Conditions,2026-09-14,2025-08-06,2026-10-01
000857,321688,WAIALUA COUNTRY HOMES,,Waialua,96791,Oahu,Honolulu,Waialua,Accepted Without Conditions,,,2026-10-01
001857,625162,WAIALUA HALE,66-048/50/54 WAIALUA RD,Haleiwa,96712,Oahu,Honolulu,Haleiwa/North Shore,Accepted Without Conditions,2020-02-19,2020-02-12,2026-10-01
001683,605241,WAIALUA LANI SHORES,67-231 KAHAONE LOOP,Waialua,96791,Oahu,Honolulu,Waialua,Accepted Without Conditions,2018-06-28,2018-06-21,2026-10-01
000118,461605,WAIALUA OCEAN VILLAS,,Waialua,96791,Oahu,Honolulu,Waialua,Accepted Without Conditions,2011-01-13,2011-01-12,2026-10-01
001447,575776,WAIALUA PLANTATION,68-071 AKULE ST,Waialua,96791,Oahu,Honolulu,Waialua,Accepted Without Conditions,2017-02-01,2017-01-18,2026-10-01
001177,503765,WAIALUA TOWNHOMES,66-170 & 66-178 WAIALUA BCH RD,Haleiwa,96712,Oahu,Honolulu,Haleiwa/North Shore,Accepted With Conditions,2013-07-29,2013-06-07,2026-10-01
000110,321052,WAIAU GARDEN COURT I,BLDGS 1-4,Pearl City,96782,Oahu,Honolulu,Pearl City,Accepted Without Conditions,,1979-01-01,2026-10-01
000116,196376,WAIAU GARDEN COURT II,BLDGS 5-8,Pearl City,96782,Oahu,Honolulu,Pearl City,Accepted Without Conditions,,1979-01-01,2026-10-01
000123,321060,WAIAU GARDEN COURT III,BLDGS 9-11,Aiea,96701,Oahu,Honolulu,Aiea,Accepted Without Conditions,,1979-01-01,2026-10-01
000126,321063,WAIAU GARDEN COURT IV,BLDGS 16-20,Pearl City,96782,Oahu,Honolulu,Pearl City,Accepted Without Conditions,,1980-01-01,2026-10-01
000131,321067,"WAIAU GARDEN COURT V, &VI",BLDGS 12-14 & 21-23,Waiau,96782,Oahu,Honolulu,Pearl City,Accepted Without Conditions,,1980-01-01,2026-10-01
000141,321071,WAIAU GARDEN VILLA (ALL PHASES,) NOELANOI ST/KOAHEAHE PL,Pearl City,96782,Oahu,Honolulu,Pearl City,Accepted Without Conditions,2014-11-04,2014-11-04,2026-10-01
000114,321056,WAIAU GARDENS KAI - A,,Pearl City,96782,Oahu,Honolulu,Pearl City,Accepted Without Conditions,,,2026-10-01
000052,321016,WAIAU GARDENS KAI - E,,Pearl City,96782,Oahu,Honolulu,Pearl City,Accepted Without Conditions,,,2026-10-01
000115,321057,WAIAU GARDENS KAI UNIT B,98-1359 NOLA ST,Pearl City,96782,Oahu,Honolulu,Pearl City,Accepted Without Conditions,2000-01-01,2000-01-01,2026-10-01
000016,320994,WAIAU GARDENS KAI UNIT D,KOAHEAHE ST & KAMAHAO PL,Pearl City,96782,Oahu,Honolulu,Pearl City,Accepted Without Conditions,2000-01-01,2000-01-01,2026-10-01
000480,321367,"WAIAU GARDENS KAI, G-1",98-1289 HOOHIKI ST,Pearl City,96782,Oahu,Honolulu,Pearl City,Accepted Without Conditions,,,2026-10-01
000018,80711,"WAIAU GARDENS KAI, G-II",,Pearl City,96782,Oahu,Honolulu,Pearl City,Accepted Without Conditions,,,2026-10-01
000888,337924,WAIAWA VILLAGE,96-239 WAIAWA RD,Pearl City,96782,Oahu,Honolulu,Pearl City,Accepted With Conditions,2020-09-16,2003-08-25,2026-10-01
001726,609148,WAIHEE RESIDENCES,47-285 WAIHEE RD,Kaneohe,96744,Oahu,Honolulu,Kaneohe,Accepted With Conditions,2018-12-07,2018-11-23,2026-10-01
001545,589170,WAIHONUA,1189 WAIMANU ST,Honolulu,96814,Oahu,Honolulu,Kakaako/Ala Moana,Accepted Without Conditions,2017-08-31,2017-08-18,2026-10-01
000010,320990,WAIKALANI WOODLANDS,95-2039  WAIKALANI PLACE,Mililani,96789,Oahu,Honolulu,Mililani,Accepted Without Conditions,2017-03-20,2010-07-15,2026-10-01
001319,548171,WAIKALUA BAYSIDE,45-079 W WAIKALUA RD,Kaneohe,96744,Oahu,Honolulu,Kaneohe,Accepted With Conditions,2015-11-02,2015-10-30,2026-10-01
002154,633693,WAIKALUA HALE,"UNIT 1, 2, 115C MAP 2527",Kaneohe,96744,Oahu,Honolulu,Kaneohe,Accepted Without Conditions,2022-08-08,2022-08-05,2026-10-01
001704,607039,WAIKALUA ROAD ESTATES,45-079 WAIKALUA RD,Kaneohe,96744,Oahu,Honolulu,Kaneohe,Accepted Without Conditions,2018-10-09,2018-08-28,2026-10-01
001950,628014,WAIKIKI COVE,2118 KUHIO AVE,Honolulu,96815,Oahu,Honolulu,Waikiki,Accepted Without Conditions,2020-11-10,2020-10-29,2026-10-01
001085,455703,WAIKIKI IMPERIAL APTS,225 LILIUOKALANI AVE,Honolulu,96815,Oahu,Honolulu,Waikiki,Accepted Without Conditions,,2010-08-31,2026-10-01
000377,321270,WAIKIKI LANAIS,2452 TUSITALA ST,Honolulu,96815,Oahu,Honolulu,Waikiki,Accepted Without Conditions,2000-01-01,2000-01-01,2026-10-01
000983,412523,WAIKIKI LANDMARK,,Honolulu,96815,Oahu,Honolulu,Waikiki,Accepted Without Conditions,2008-12-23,2008-12-18,2026-10-01
002021,629747,WAIKIKI PARK HEIGHTS,2440 KUHIO AVE.,Honolulu,96815,Oahu,Honolulu,Waikiki,Accepted Without Conditions,2021-06-04,2021-05-07,2026-10-01
001478,579400,WAIKIKI PARKWAY APARTMENTS,1660 KALAKAUA AVE,Honolulu,96814,Oahu,Honolulu,Kakaako/Ala Moana,Accepted Without Conditions,2017-04-04,2017-03-20,2026-10-01
000312,309534,WAIKIKI SKYLINER,2415 ALA WAI BLVD.,Honolulu,96815,Oahu,Honolulu,Waikiki,Accepted With Conditions,2014-09-08,2014-09-08,2026-10-01
000516,321398,WAIKIKI SKYTOWER,2410 CLEGHORN STREET,Honolulu,96815,Oahu,Honolulu,Waikiki,Accepted Without Conditions,,,2026-10-01
000329,321226,WAIKIKI TOWNHOUSE,2421 TUSITALA ST.,Honolulu,96815,Oahu,Honolulu,Waikiki,Accepted Without Conditions,2023-04-06,2011-10-18,2026-10-01
000732,321576,WAIKULAMA SHORES,54-057 WAIKULAMA STREET,Hauula,96717,Oahu,Honolulu,Hauula,Accepted Without Conditions,,,2026-10-01
000906,361880,WAILANA AT SEA COUNTRY,PAKEKE ST,Waianae,96792,Oahu,Honolulu,Waianae/Makaha,Accepted With Conditions,2006-06-02,2006-06-01,2026-10-01
000978,410703,WAILANA AT WAIKIKI,1860 ALA MOANA BLVD,Honolulu,96815,Oahu,Honolulu,Waikiki,Accepted With Conditions,2019-01-28,2008-11-19,2026-10-01
001954,628100,WAILEHUA APARTMENTS,47-116 WAILEHUA RD,Kaneohe,96744,Oahu,Honolulu,Kaneohe,Accepted Without Conditions,2020-12-09,2020-11-09,2026-10-01
002253,637781,WAILOLA APARTMENTS,1605 PENSACOLA STREET,Honolulu,96822,Oahu,Honolulu,Makiki/Manoa,Accepted Without Conditions,2024-03-18,2024-03-13,2026-10-01
002136,633145,WAILUA PALMS,68-037 APUHIHI ST,Waialua,96791,Oahu,Honolulu,Waialua,Accepted Without Conditions,2022-06-06,2022-06-03,2026-10-01
000183,321105,WAILUNA,98-1692-98-1827 KAAHUMANU,Pearl City,96782,Oahu,Honolulu,Pearl City,Accepted Without Conditions,2020-01-01,2020-01-01,2026-10-01
FHA361,442103,WAILUNA CONDOMINIUMS,,Pearl City,96782,Oahu,Honolulu,Pearl City,Accepted Without Conditions,,2009-11-23,2026-10-01
000184,321106,WAILUNA I-A,98-1736 KAAUMANU STREET,Aiea,96701,Oahu,Honolulu,Aiea,Accepted Without Conditions,,,2026-10-01
000185,321107,WAILUNA I-B,98-1692-98-1827 KAAHUMANU,Pearl City,96782,Oahu,Honolulu,Pearl City,Accepted Without Conditions,2000-01-01,2000-01-01,2026-10-01
000186,321108,WAILUNA I-C,98-1729 KAAUMANU STREET,Aiea,96701,Oahu,Honolulu,Aiea,Accepted Without Conditions,,,2026-10-01
000326,321223,WAILUNA II,98-1700 KAAHUMANU,Pearl City,96782,Oahu,Honolulu,Pearl City,Accepted Without Conditions,2000-01-01,2000-01-01,2026-10-01
000236,321145,WAILUNA II-A,98-1692 - 98-1827 KAAHUMANU,Pearl City,96782,Oahu,Honolulu,Pearl City,Accepted Without Conditions,2000-01-01,2000-01-01,2026-10-01
000017,320995,WAIMALU PARK,98-310 KAM HWY,Aiea,96701,Oahu,Honolulu,Aiea,Accepted Without Conditions,2000-01-01,2000-01-01,2026-10-01
002176,634890,WAIOHA AT KOA RIDGE,KAMEHAMEHA HIGHWAY,Waipahu,96797,Oahu,Honolulu,Waipahu,Accepted With Conditions,2023-02-07,2023-01-24,2026-10-01
002215,636352,WAIOHA II AT KOA RIDGE,KAMEHAMEHA HIGHWAY,Waipahu,96797,Oahu,Honolulu,Waipahu,Accepted Without Conditions,2023-08-15,2023-08-09,2026-10-01
001542,588749,WAIONI ESTATES,95-330 WAIONI ST,Mililani,96789,Oahu,Honolulu,Mililani,Accepted With Conditions,2017-08-18,2017-08-11,2026-10-01
000324,321221,WAIPAHU KNOLLS I,94-1015 PAIWA PL,Waipahu,96797,Oahu,Honolulu,Waipahu,Accepted Without Conditions,2000-01-01,2000-01-01,2026-10-01
000196,321116,WAIPIO GARDENS,95 024 WAIHAU STREET,Mililani,96789,Oahu,Honolulu,Mililani,Accepted Without Conditions,2002-02-25,2002-02-01,2026-10-01
000631,321497,WAIPIOLANI,95-023 WAIHAU STREET,Wahiawa,96786,Oahu,Honolulu,Wahiawa,Accepted Without Conditions,,,2026-10-01
000282,321186,WAIPUNA,469 ENA RD,Honolulu,96815,Oahu,Honolulu,Waikiki,Accepted Without Conditions,2000-01-01,2000-01-01,2026-10-01
000189,464884,WALE CANNEY,920 & 922 KAIPII ST.,Kailua,96734,Oahu,Honolulu,Kailua,Accepted Without Conditions,,2011-04-04,2026-10-01
001944,627911,WALE KATOA,1396 NANIALII ST,Kailua,96734,Oahu,Honolulu,Kailua,Accepted Without Conditions,2020-10-29,2020-10-18,2026-10-01
001157,495184,WALE VALU,45-544 LOIHI PLACE,Kaneohe,96744,Oahu,Honolulu,Kaneohe,Accepted Without Conditions,2017-06-08,2013-02-07,2026-10-01
002152,633630,WALEA AT KOA RIDGE,KAMEHAMEHA HIGHWAY,Waipahu,96797,Oahu,Honolulu,Waipahu,Accepted With Conditions,2022-08-11,2022-07-30,2026-10-01
002370,642641,WALEA II AT KOA RIDGE - PH I,KAMEHAMEHA HIGHWAY,Waipahu,96797,Oahu,Honolulu,Waipahu,Accepted Without Conditions,2026-03-12,2025-10-27,2026-10-01
001705,607161,WALINA APARTMENTS,435 WALINA ST,Honolulu,96815,Oahu,Honolulu,Waikiki,Accepted Without Conditions,2018-10-09,2018-09-05,2026-10-01
001476,579342,WALKER VILLA,"233, 233A, 233B, 233C WALKER A",Wahiawa,96786,Oahu,Honolulu,Wahiawa,Accepted With Conditions,2017-04-17,2017-03-17,2026-10-01
001290,543312,WAOKANAKA ESTATES II CONDO,175 WAOKANAKA PL,Honolulu,96817,Oahu,Honolulu,Kalihi/Liliha,Accepted Without Conditions,2015-08-13,2015-08-10,2026-10-01
001605,594652,WARD KINAU,824 KINAU ST,Honolulu,96813,Oahu,Honolulu,Downtown/Chinatown,Accepted Without Conditions,2017-12-15,2017-11-27,2026-10-01
002262,638123,WARD VILLA,1440 WARD AVE,Honolulu,96822,Oahu,Honolulu,Makiki/Manoa,Accepted Without Conditions,2024-04-25,2024-04-23,2026-10-01
001498,581743,WATERCOLORS AT MAKAKILO,MAKAKILO DR,Kapolei,96707,Oahu,Honolulu,Kapolei,Accepted With Conditions,2018-05-04,2017-04-18,2026-10-01
001373,560691,WENTLAND,85-914 MIDWAY ST,Waianae,96792,Oahu,Honolulu,Waianae/Makaha,Accepted Without Conditions,2016-05-17,2016-05-09,2026-10-01
002375,643052,WEST LAKE TERRACE TWO,3419 KAHIKOLU WAY #3419,Honolulu,96818,Oahu,Honolulu,Salt Lake/Moanalua,Accepted Without Conditions,2025-01-22,2025-12-19,2026-10-01
002344,641653,WEST LOCH FAIRWAYS,91-1043 AAWA DR,Ewa Beach,96706,Oahu,Honolulu,Ewa Beach,Accepted Without Conditions,2025-07-07,2025-06-27,2026-10-01
001607,594852,WEST LOCH FAIRWAYS TOWNHOMES,91-1060 MAKA'ALOA ST,Ewa Beach,96706,Oahu,Honolulu,Ewa Beach,Accepted Without Conditions,2017-12-15,2017-11-30,2026-10-01
000228,467603,WESTVIEW AT MAKAKILO HEIGHTS,PALAHIA ST,Kapolei,96707,Oahu,Honolulu,Kapolei,Accepted Without Conditions,2019-06-06,2015-03-30,2026-10-01
001517,584547,WESTVIEW MAKAKILO HEIGHTS,"PHASE II, PALAHIA ST",Kapolei,96707,Oahu,Honolulu,Kapolei,Accepted Without Conditions,2017-07-12,2017-06-09,2026-10-01
002171,634779,WESTVIEW PLAZA,1516 WARD AVE,Honolulu,96822,Oahu,Honolulu,Makiki/Manoa,Accepted Without Conditions,2023-01-20,2023-01-06,2026-10-01
001793,615522,WHITE PEARL APARTMENTS,98-142 LIPOA PL,Aiea,96701,Oahu,Honolulu,Aiea,Accepted Without Conditions,2019-07-10,2019-06-27,2026-10-01
000361,321256,WILDER AT PIIKOI,1201 WILDER AVE,Honolulu,96822,Oahu,Honolulu,Makiki/Manoa,Accepted Without Conditions,2000-01-01,2000-01-01,2026-10-01
001448,575778,WILDER HOUSE,1114 WILDER AVE,Honolulu,96822,Oahu,Honolulu,Makiki/Manoa,Accepted Without Conditions,2017-02-23,2017-01-12,2026-10-01
000411,321302,WILDER REGENT CONDO,1121 WILDER AVE.,Honolulu,96822,Oahu,Honolulu,Makiki/Manoa,Accepted Without Conditions,,,2026-10-01
000011,320991,WILDER TERRACE,,Honolulu,96822,Oahu,Honolulu,Makiki/Manoa,Accepted Without Conditions,,,2026-10-01
001123,484026,WILDER TOWER,1325 WILDER AVENUE,Honolulu,96822,Oahu,Honolulu,Makiki/Manoa,Accepted Without Conditions,,2012-07-13,2026-10-01
000213,321130,WILDER-KEEAUMOKU APARTMENTS,1335 WILDER AVE,Honolulu,96822,Oahu,Honolulu,Makiki/Manoa,Accepted Without Conditions,2000-01-01,2000-01-01,2026-10-01
002029,629931,WILLIAM HENRY ESTATES,45-252 WILLIAM HENRY ROAD E,Kaneohe,96744,Oahu,Honolulu,Kaneohe,Accepted Without Conditions,2021-06-02,2021-05-27,2026-10-01
000229,468704,WINDWARD ACRES,KAHUHIPA,Kaneohe,96744,Oahu,Honolulu,Kaneohe,Accepted Without Conditions,2011-06-21,2011-06-21,2026-10-01
000371,321265,WINDWARD ACRES - BLDG A,46-261 KAHUHIPA ST.,Kaneohe,96744,Oahu,Honolulu,Kaneohe,Accepted Without Conditions,,2011-02-17,2026-10-01
000754,321595,WINDWARD ACRES -C-,46-267 KAHUHIPA STREET,Kaneohe,96744,Oahu,Honolulu,Kaneohe,Accepted Without Conditions,,,2026-10-01
000488,321374,WINDWARD COVE,1020 AOLOA PL,Kailua,96734,Oahu,Honolulu,Kailua,Accepted Without Conditions,2000-01-01,2000-01-01,2026-10-01
000291,94413,WINDWARD ESTATES,46-078 EMEPELA PL,Kaneohe,96744,Oahu,Honolulu,Kaneohe,Accepted Without Conditions,2019-10-15,2000-01-01,2026-10-01
000509,321392,WINDWARD HARBOUR,1030 AOLOA PL,Honolulu,96734,Oahu,Honolulu,Kailua,Accepted Without Conditions,2000-01-01,2000-01-01,2026-10-01
000429,321319,WINDWARD PASSAGE,322 AOLOA ST,Kailua,96734,Oahu,Honolulu,Kailua,Accepted Without Conditions,2000-01-01,2000-01-01,2026-10-01
001200,509372,WINDWARD VILLA CONDOMINUM II,END OF ANOI ROAD,Kaneohe,96744,Oahu,Honolulu,Kaneohe,Accepted Without Conditions,2013-11-27,2013-11-27,2026-10-01
000880,336558,WOODCREEK,(@ LAUNANI VALLEY),Waipio,96789,Oahu,Honolulu,Mililani,Accepted Without Conditions,2006-08-11,2006-08-11,2026-10-01
000894,350203,WOODCREEK CROSSING,WIKAO ST,Mililani,96789,Oahu,Honolulu,Mililani,Accepted With Conditions,2020-04-01,2005-02-10,2026-10-01
000258,321165,WOODLAWN TERRACE,(MELEMANU WOOD),Mililani,96789,Oahu,Honolulu,Mililani,Accepted Without Conditions,2014-03-28,2014-03-28,2026-10-01
000314,321212,WOODROSE,780 AMANA ST,Honolulu,96814,Oahu,Honolulu,Kakaako/Ala Moana,Accepted Without Conditions,2000-01-01,2000-01-01,2026-10-01
000136,321069,WOODWINDS,1600 WILIKINA DRIVE,Wahiawa,96786,Oahu,Honolulu,Wahiawa,Accepted Without Conditions,,,2026-10-01
000169,321093,YACHT CLUB KNOLLS,44-354 KANEOHE BAY DR,Kaneohe,96744,Oahu,Honolulu,Kaneohe,Accepted Without Conditions,2000-01-01,2000-01-01,2026-10-01
000074,321032,YACHT CLUB TERRACE,KANEOHE BAY DR,Kaneohe,96744,Oahu,Honolulu,Kaneohe,Accepted Without Conditions,2000-01-01,2000-01-01,2026-10-01
001118,482744,YACHT HARBOR TOWERS,1600 ALA MOANA BLVD.,Honolulu,96815,Oahu,Honolulu,Waikiki,Accepted With Conditions,2012-06-11,2012-06-11,2026-10-01
000990,416483,ZEL-HOKU HALE,45-535 HALEKOU ROAD,Kaneohe,96744,Oahu,Honolulu,Kaneohe,Accepted Without Conditions,2009-02-18,2009-02-17,2026-10-01
